user,"3 Râu - Gà Rán, Pizza & Trà Sữa - Cây Trâm",A Tùng - Bánh Mì Bò Nướng Bơ Cambodia - Lê Hồng Phong,Buzza Pizza - Nowzone,Bà Hai - Bánh Xèo & Bánh Khọt,Bánh Cuốn Ba Miền - Trường Chinh,Bún Riêu & Canh Bún - Phan Đình Phùng,Bún Thịt Nướng Anh Ba,Cheese Coffee - Hồng Bàng,Cháo Sườn Bé Hiền - Súp Cua & Bún Bò,Cháo Sườn Chú Chen - Nguyễn Trãi,Chè HongKong - 港式糖水 - Phan Phú Tiên,Chè Hà Ký - Châu Văn Liêm,Chị Hà - Bánh Tráng Trộn & Bánh Mì Nướng Muối Ớt,Chị Mai - Bánh Tráng Trộn & Nước Cam,Cô Thúy - Hột Vịt Lộn,Cơm Gà Hải Nam - Hậu Giang,"Cơm Gà, Cháo, Miến Gỏi Gà Ta Tường Vy - Lữ Gia",Cơm Tấm Cô Hoa - Ngô Quyền,Cơm Tấm Kiều Giang - Trần Quang Khải,Cơm Tấm Sao Mai,Cơm Tấm Tú Mập - Đồng Đen,Domino’s Pizza - Hòa Bình,FA - Bánh Tráng Trứng Muối Mỡ Hành,Fruit Crush - Trái Cây Tươi & Ăn Vặt - Quận 1,Gong Cha - Trà & Cà Phê - Hồ Tùng Mậu,Gà Nướng Anh Tư,Gà Nướng Lu Việt Hương - Lê Quang Định,Gà Rán & Burger Lotteria - HTV,Gà Rán & Burger McDonald’s Vincom Masteri,Gà Rán KFC - Co.op Mart Nguyễn Ảnh Thủ,Gà Rán KFC - Co.op Mart Nguyễn Ảnh Thủ - 2 Miếng Gà Xốt Mắm Tỏi,Gà Rán KFC - Co.op Mart Nguyễn Ảnh Thủ - COMBO 2 NGƯỜI 124K,Gà Rán KFC - Co.op Mart Nguyễn Ảnh Thủ - COMBO ĐẬM VỊ,Gà Rán KFC - Co.op Mart Nguyễn Ảnh Thủ - COMBO ĐẬM ĐÀ,Gà Rán KFC - Co.op Mart Nguyễn Ảnh Thủ - Combo Cơm Trưa Gà Mắm Tỏi,Gà Rán KFC - Co.op Mart Nguyễn Ảnh Thủ - Combo Cơm Trưa Gà Viên Nanban,Gà Rán KFC - Co.op Mart Nguyễn Ảnh Thủ - Combo Cơm Trưa Phi-lê Gà Quay,Gà Rán KFC - Co.op Mart Nguyễn Ảnh Thủ - Combo Trưa Burger Tôm,Gà Rán KFC - Co.op Mart Nguyễn Ảnh Thủ - Combo Trưa Mì Ý,Gà Rán Popeyes - Tùng Thiện Vương,Gà Rán Popeyes - Điện Biên Phủ,Gà rán và Mì Ý - Jollibee - Pasteur,Gỏi Khô Bò - Công Viên Lê Văn Tám,Hanuri - Quán Ăn Hàn Quốc - Nguyễn Đình Chiểu,Jeju Quán - Món Ăn Hàn Quốc,KATINAT - Huỳnh Thúc Kháng,KOI Thé - Phan Xích Long,KOI Thé - Võ Văn Ngân,Kebab Sài Gòn - Nguyễn Thượng Hiền,Kebaby - Doner Kebab,Moon Fast Food - Món Hàn - Trường Chinh,Mì Xào Giòn - 111 Vạn Kiếp,Nem Nướng Nha Trang Bé Thảo,Nhà Bún Đậu - Bún Đậu Mắm Tôm Hà Nội - Song Hành,Pad Thái Tôm - Món Thái Ngon - Shop Online,Papas' Chicken - Gà Rán Hàn Quốc - Hoàng Văn Thụ,Papaxốt - Quang Trung,Phá Lấu Nga - Tôn Đản,Phá Lấu Rubi - Nguyễn Hồng Đào,Phúc Long Lê Văn Sỹ,Phở 24 - Nguyễn Tri Phương,Pizza Hut - Hậu Giang,"Quán 567 - Sinh Tố, Nước Ép, Giải Khát",Quán 79 Nem Nướng,Quán Chà Bá - Mực Chiên & Bò Viên - Mai Xuân Thưởng,Quán Phương Ký - Cơm Chiên & Mì Xào,Quán Thảo Hiền - Đặc Sản Miền Trung,SOI THÁI - Cống Quỳnh,Starbucks Coffee - Etown 5,SteakZone,Súp Cua Nhà Thờ Đức Bà,TOUS les JOURS - Nguyễn Thị Minh Khai,Texas Chicken - Nguyễn Thái Học,The Pizza Company - Đường D2,"Thiên Ân Quán - Cơm, Bún Riêu & Bún Mắm",Tiệm Bánh Mỹ Phụng,Tiệm Cô Béo Bún Thái Lan,Trà Sữa Panda Milktea,Trà Sữa Tiên Hưởng Cotcha - Tản Đà,Trà Sữa Wozzi,Tuấn Cò - Cơm Gà Xối Mỡ,Xôi Gà Bà Chiểu,YoGun - Korea Yogurt,Điểm Tâm 288 - Bún Thịt Xào & Cháo Bắc Thảo,Ốc Tô - Xóm Chiếu,fake_item_1,fake_item_2,fake_item_3,fake_item_4,fake_item_5,fake_item_6,fake_item_7,fake_item_8,fake_item_9,fake_item_10,fake_item_11,fake_item_12,fake_item_13,fake_item_14,fake_item_15,fake_item_16,fake_item_17,fake_item_18,fake_item_19,fake_item_20,fake_item_21,fake_item_22,fake_item_23,fake_item_24,fake_item_25
user001,0.0,0.0,0.0,0.0,0.0,0.0,0.0,0.0,0.0,0.0,0.0,0.0,0.0,0.0,0.0,0.0,0.0,7.0,0.0,0.0,0.0,0.0,0.0,0.0,0.0,0.0,0.0,0.0,0.0,0.0,0.0,0.0,0.0,0.0,0.0,0.0,0.0,0.0,0.0,0.0,0.0,0.0,0.0,0.0,0.0,0.0,0.0,0.0,0.0,0.0,0.0,0.0,0.0,0.0,0.0,0.0,0.0,0.0,0.0,0.0,7.4,0.0,0.0,0.0,0.0,0.0,0.0,0.0,0.0,0.0,0.0,1.0,0.0,0.0,0.0,0.0,0.0,0.0,0.0,0.0,0.0,0.0,0.0,0.0,0.0,0.0,0.0,0.0,4.850697172456267,3.083269570369676,0.0,0.0,2.3427814311765798,0.0,1.3059181528969472,0.0,3.587563999160302,1.4785785816876937,0.0,0.0,0.0,4.7953517735988385,0.0,0.0,0.0,0.0,0.0,0.0,2.4230463097110477,0.0
user002,0.0,0.0,0.0,0.0,0.0,0.0,0.0,0.0,0.0,0.0,0.0,0.0,0.0,0.0,0.0,0.0,0.0,0.0,0.0,0.0,0.0,0.0,0.0,0.0,0.0,0.0,0.0,0.0,0.0,0.0,0.0,0.0,0.0,0.0,0.0,0.0,0.0,0.0,0.0,0.0,0.0,0.0,0.0,0.0,0.0,0.0,0.0,0.0,0.0,7.4,0.0,0.0,0.0,0.0,0.0,0.0,0.0,0.0,0.0,0.0,0.0,0.0,0.0,0.0,0.0,0.0,0.0,0.0,0.0,0.0,0.0,0.0,0.0,0.0,0.0,0.0,0.0,0.0,0.0,0.0,0.0,0.0,0.0,0.0,0.0,3.03718761381009,0.0,2.6465107591771218,0.0,0.0,0.0,2.546880976148145,3.200290051801187,2.844322897195277,1.7019598488861845,1.4116137934547153,0.0,0.0,3.4010982674653194,0.0,0.0,0.0,0.0,2.686296755746584,0.0,0.0,4.197560621789067,0.0,3.3066842305795623,3.518116860955943
user003,0.0,0.0,0.0,0.0,0.0,0.0,0.0,0.0,0.0,0.0,0.0,0.0,0.0,0.0,0.0,0.0,0.0,0.0,5.2,0.0,0.0,0.0,0.0,0.0,0.0,0.0,0.0,0.0,0.0,0.0,0.0,0.0,0.0,0.0,0.0,0.0,0.0,0.0,0.0,0.0,0.0,0.0,0.0,0.0,0.0,0.0,0.0,0.0,0.0,0.0,0.0,0.0,0.0,0.0,0.0,0.0,0.0,0.0,0.0,0.0,0.0,0.0,0.0,0.0,0.0,0.0,0.0,0.0,0.0,0.0,0.0,0.0,0.0,0.0,0.0,0.0,0.0,0.0,0.0,0.0,0.0,0.0,0.0,0.0,0.0,0.0,0.0,1.6311408443312718,0.0,0.0,1.370409991895721,3.537700166271702,0.0,0.0,0.0,2.582277465744684,0.0,1.42508923195496,0.0,0.0,3.6180642681892,0.0,2.085962035537185,0.0,0.0,0.0,0.0,0.0,0.0,0.0
user004,0.0,0.0,0.0,0.0,0.0,0.0,0.0,0.0,0.0,0.0,0.0,0.0,0.0,0.0,0.0,0.0,0.0,0.0,0.0,0.0,0.0,0.0,0.0,0.0,0.0,0.0,0.0,0.0,0.0,0.0,6.9,6.9,6.9,6.9,6.9,6.9,6.9,6.9,6.9,0.0,0.0,0.0,0.0,0.0,0.0,0.0,0.0,0.0,0.0,0.0,0.0,0.0,0.0,0.0,0.0,0.0,0.0,0.0,0.0,0.0,0.0,0.0,0.0,0.0,0.0,0.0,0.0,0.0,0.0,0.0,0.0,0.0,0.0,0.0,0.0,0.0,0.0,0.0,0.0,0.0,0.0,0.0,0.0,0.0,0.0,0.0,3.103041562288577,0.0,0.0,0.0,0.0,3.177292089514486,4.5804461059897115,0.0,0.0,0.0,0.0,0.0,2.012846449433464,0.0,0.0,4.898064011454399,2.1132154920489112,0.0,2.050988696013401,2.045989973027092,0.0,0.0,3.931482436881747,3.438697634342318
user005,0.0,0.0,0.0,0.0,0.0,0.0,0.0,0.0,0.0,0.0,0.0,0.0,0.0,0.0,0.0,0.0,0.0,0.0,0.0,0.0,0.0,0.0,0.0,0.0,0.0,0.0,0.0,0.0,0.0,8.2,8.2,8.2,8.2,8.2,8.2,8.2,8.2,8.2,8.2,0.0,0.0,0.0,0.0,0.0,0.0,0.0,0.0,0.0,0.0,0.0,0.0,0.0,0.0,0.0,0.0,0.0,0.0,0.0,0.0,0.0,0.0,0.0,0.0,0.0,0.0,0.0,0.0,0.0,0.0,0.0,0.0,0.0,0.0,0.0,0.0,0.0,0.0,0.0,0.0,0.0,0.0,0.0,0.0,0.0,0.0,0.0,1.3145173773317307,4.3228225391170465,3.8575585547569116,3.0127449258430854,4.313239591150761,3.9175125624095624,0.0,1.1480511036531142,2.2609035347546205,3.062569077241787,0.0,0.0,0.0,0.0,0.0,4.803759419549619,0.0,3.654484347975658,0.0,3.791996786516728,4.10756475056419,0.0,0.0,4.982260108513035
user006,0.0,0.0,0.0,0.0,0.0,0.0,0.0,0.0,0.0,0.0,0.0,0.0,0.0,0.0,0.0,0.0,0.0,0.0,0.0,0.0,0.0,0.0,0.0,0.0,0.0,0.0,0.0,0.0,0.0,0.0,0.0,0.0,0.0,0.0,0.0,0.0,0.0,0.0,0.0,0.0,0.0,7.6,0.0,0.0,0.0,0.0,0.0,0.0,0.0,0.0,0.0,0.0,0.0,0.0,0.0,0.0,0.0,0.0,0.0,1.0,0.0,0.0,0.0,0.0,0.0,0.0,0.0,0.0,0.0,0.0,0.0,0.0,0.0,0.0,0.0,0.0,0.0,0.0,0.0,0.0,0.0,0.0,0.0,0.0,0.0,0.0,2.56187168210849,1.8850620017409776,0.0,4.795667336682877,0.0,0.0,0.0,0.0,0.0,0.0,0.0,1.6023321893301934,1.455885768044476,2.6374098143897573,0.0,0.0,0.0,0.0,0.0,0.0,0.0,0.0,0.0,2.8784957936634092
user007,0.0,0.0,0.0,0.0,0.0,0.0,0.0,0.0,0.0,0.0,10.0,0.0,0.0,0.0,0.0,0.0,0.0,0.0,0.0,0.0,0.0,0.0,0.0,0.0,0.0,0.0,0.0,0.0,0.0,0.0,0.0,0.0,0.0,0.0,0.0,0.0,0.0,0.0,0.0,0.0,0.0,0.0,0.0,0.0,0.0,0.0,0.0,0.0,0.0,0.0,0.0,0.0,0.0,0.0,0.0,0.0,0.0,0.0,0.0,0.0,0.0,0.0,0.0,0.0,0.0,0.0,0.0,0.0,0.0,0.0,0.0,0.0,0.0,0.0,0.0,0.0,0.0,0.0,0.0,0.0,0.0,0.0,0.0,0.0,0.0,4.267960890353894,0.0,3.9484990568083718,4.57760247045273,0.0,2.52832768586911,2.058266975537077,3.8360418822194338,0.0,2.7721560281670117,1.4891683608538004,0.0,0.0,0.0,1.7653938284368929,0.0,0.0,0.0,3.6457050973264655,0.0,2.8127591773395864,3.7664453846422328,0.0,0.0,2.5489254512843673
user008,0.0,0.0,0.0,0.0,0.0,0.0,0.0,0.0,0.0,0.0,0.0,0.0,0.0,0.0,0.0,0.0,0.0,0.0,0.0,0.0,0.0,0.0,0.0,0.0,0.0,0.0,0.0,0.0,0.0,0.0,0.0,0.0,0.0,0.0,0.0,0.0,0.0,0.0,0.0,0.0,0.0,0.0,0.0,0.0,0.0,0.0,0.0,0.0,0.0,0.0,0.0,0.0,0.0,0.0,0.0,0.0,0.0,0.0,0.0,0.0,0.0,0.0,0.0,0.0,0.0,0.0,0.0,0.0,0.0,0.0,0.0,0.0,0.0,0.0,0.0,7.0,0.0,0.0,0.0,0.0,0.0,0.0,0.0,0.0,0.0,0.0,3.1601602093255092,1.318650233660029,0.0,0.0,2.927061463441421,2.7015901736128014,0.0,0.0,0.0,1.469539074408344,1.750918471553431,0.0,4.712722045545799,0.0,0.0,0.0,3.3134093297964333,0.0,1.3437660365218047,0.0,1.63424267964766,0.0,0.0,1.169542794079701
user009,0.0,0.0,0.0,0.0,0.0,0.0,0.0,0.0,0.0,0.0,0.0,0.0,0.0,0.0,0.0,0.0,0.0,0.0,0.0,0.0,0.0,0.0,0.0,9.4,0.0,0.0,0.0,0.0,0.0,0.0,0.0,0.0,0.0,0.0,0.0,0.0,0.0,0.0,0.0,0.0,0.0,0.0,0.0,0.0,0.0,0.0,0.0,0.0,0.0,0.0,0.0,0.0,0.0,0.0,0.0,0.0,0.0,0.0,0.0,0.0,0.0,0.0,0.0,0.0,0.0,0.0,0.0,0.0,0.0,0.0,0.0,0.0,0.0,0.0,0.0,0.0,0.0,0.0,0.0,0.0,0.0,0.0,0.0,0.0,0.0,0.0,0.0,1.309799028936928,0.0,0.0,4.414629066051315,0.0,2.3597569428898773,2.842806063565571,0.0,0.0,0.0,0.0,3.2195588505330095,0.0,0.0,0.0,0.0,4.124238463489102,0.0,0.0,2.805873158731765,0.0,0.0,1.3489454518982624
user010,0.0,0.0,0.0,0.0,0.0,0.0,0.0,0.0,0.0,0.0,5.0,0.0,0.0,0.0,0.0,0.0,0.0,0.0,0.0,0.0,0.0,0.0,0.0,0.0,0.0,0.0,0.0,0.0,0.0,0.0,0.0,0.0,0.0,0.0,0.0,0.0,0.0,0.0,0.0,0.0,0.0,0.0,0.0,0.0,0.0,0.0,0.0,0.0,0.0,0.0,0.0,0.0,0.0,0.0,0.0,0.0,0.0,0.0,0.0,0.0,9.8,0.0,0.0,0.0,0.0,0.0,0.0,0.0,0.0,0.0,0.0,0.0,0.0,0.0,0.0,0.0,0.0,0.0,0.0,0.0,0.0,4.4,0.0,0.0,0.0,1.4130468074523241,0.0,0.0,4.620413235885588,0.0,0.0,0.0,0.0,0.0,0.0,3.030884536666116,0.0,0.0,3.9179373334596477,0.0,0.0,0.0,0.0,0.0,1.1906256986268011,2.6358307869766775,0.0,3.030143597148769,0.0,3.7339544087186964
user011,0.0,0.0,0.0,0.0,0.0,0.0,0.0,0.0,0.0,0.0,0.0,0.0,0.0,0.0,0.0,0.0,0.0,0.0,0.0,0.0,0.0,0.0,0.0,0.0,0.0,0.0,0.0,0.0,0.0,0.0,0.0,0.0,0.0,0.0,0.0,0.0,0.0,0.0,0.0,0.0,0.0,0.0,0.0,0.0,0.0,0.0,2.6,0.0,0.0,0.0,0.0,0.0,0.0,0.0,0.0,0.0,0.0,0.0,0.0,0.0,0.0,0.0,0.0,0.0,0.0,0.0,0.0,0.0,0.0,0.0,0.0,0.0,0.0,0.0,0.0,0.0,0.0,0.0,0.0,0.0,0.0,0.0,0.0,0.0,0.0,3.374641406226707,0.0,2.4816922405993203,3.508628239513436,2.6408798147161585,0.0,0.0,0.0,0.0,2.2214160742831157,0.0,0.0,3.2953942141183283,0.0,0.0,0.0,4.729093607226738,0.0,0.0,0.0,0.0,4.451948966684225,1.2215126379393864,2.3250417102268437,0.0
user012,0.0,0.0,0.0,0.0,0.0,0.0,0.0,0.0,0.0,0.0,0.0,0.0,0.0,0.0,0.0,0.0,0.0,0.0,0.0,0.0,0.0,0.0,0.0,0.0,0.0,0.0,0.0,0.0,4.6,0.0,0.0,0.0,0.0,0.0,0.0,0.0,0.0,0.0,0.0,0.0,0.0,0.0,0.0,0.0,0.0,0.0,0.0,0.0,0.0,0.0,0.0,0.0,0.0,0.0,0.0,0.0,0.0,0.0,0.0,0.0,0.0,0.0,0.0,0.0,0.0,0.0,0.0,0.0,0.0,0.0,0.0,0.0,0.0,0.0,0.0,0.0,0.0,0.0,0.0,0.0,0.0,0.0,0.0,0.0,0.0,3.561123556085404,0.0,0.0,0.0,0.0,2.7449682914327513,0.0,0.0,0.0,3.3290853167816596,0.0,0.0,0.0,0.0,0.0,0.0,0.0,3.5372831591680147,0.0,2.1421074118959043,0.0,4.783841493104418,1.167754243084981,0.0,0.0
user013,0.0,0.0,0.0,0.0,0.0,0.0,0.0,0.0,0.0,0.0,0.0,0.0,0.0,0.0,0.0,0.0,0.0,0.0,3.4,0.0,0.0,0.0,0.0,0.0,0.0,0.0,0.0,0.0,0.0,0.0,0.0,0.0,0.0,0.0,0.0,0.0,0.0,0.0,0.0,0.0,0.0,0.0,0.0,0.0,0.0,0.0,0.0,0.0,0.0,0.0,0.0,0.0,0.0,0.0,0.0,0.0,0.0,0.0,0.0,0.0,0.0,0.0,0.0,0.0,0.0,0.0,0.0,0.0,0.0,0.0,0.0,0.0,0.0,0.0,0.0,0.0,0.0,0.0,0.0,0.0,0.0,0.0,0.0,0.0,0.0,0.0,0.0,4.246827708951624,0.0,0.0,0.0,0.0,0.0,1.9232829782771086,1.6136862772217548,0.0,0.0,3.249072111586357,0.0,0.0,0.0,0.0,0.0,0.0,3.424937362241853,0.0,0.0,0.0,0.0,1.2580874003651425
user014,0.0,0.0,0.0,0.0,0.0,0.0,0.0,0.0,0.0,0.0,0.0,0.0,0.0,0.0,0.0,0.0,0.0,0.0,0.0,0.0,0.0,0.0,0.0,0.0,0.0,7.0,7.0,0.0,0.0,0.0,0.0,0.0,0.0,0.0,0.0,0.0,0.0,0.0,0.0,0.0,0.0,0.0,0.0,0.0,0.0,0.0,0.0,0.0,0.0,0.0,0.0,0.0,0.0,0.0,0.0,0.0,0.0,0.0,0.0,0.0,0.0,0.0,0.0,0.0,0.0,0.0,2.2,0.0,0.0,0.0,0.0,0.0,0.0,0.0,0.0,0.0,0.0,0.0,0.0,0.0,0.0,0.0,0.0,0.0,0.0,0.0,0.0,4.66296661697681,2.947541750934028,1.005489783060285,0.0,0.0,1.893459264111672,0.0,0.0,1.9394440068832242,0.0,0.0,2.795292511923777,0.0,4.384434232074629,0.0,4.72634970075488,0.0,2.8763939601843935,3.522501440751265,1.6032477004588364,0.0,1.4169080193024248,0.0
user015,0.0,0.0,0.0,8.0,0.0,0.0,0.0,8.0,0.0,0.0,0.0,0.0,0.0,0.0,0.0,0.0,0.0,0.0,0.0,0.0,0.0,0.0,0.0,0.0,7.0,0.0,0.0,0.0,0.0,0.0,0.0,0.0,0.0,0.0,0.0,0.0,0.0,0.0,0.0,0.0,7.0,0.0,0.0,0.0,0.0,0.0,0.0,0.0,0.0,0.0,0.0,0.0,0.0,0.0,0.0,0.0,0.0,0.0,0.0,0.0,0.0,0.0,0.0,0.0,0.0,0.0,0.0,0.0,0.0,0.0,0.0,0.0,8.0,0.0,0.0,0.0,0.0,0.0,0.0,0.0,0.0,0.0,0.0,0.0,0.0,0.0,2.390014953933345,0.0,0.0,3.426320353242847,0.0,0.0,3.1487951716249225,0.0,4.164633176575882,0.0,0.0,1.397728980897778,0.0,0.0,0.0,4.382499478894285,2.2050509520011023,0.0,0.0,0.0,4.55732500260482,0.0,1.6464823110446756,0.0
user016,0.0,0.0,0.0,0.0,0.0,0.0,0.0,0.0,0.0,0.0,0.0,0.0,0.0,0.0,0.0,0.0,0.0,0.0,0.0,0.0,0.0,0.0,0.0,0.0,0.0,0.0,0.0,0.0,0.0,8.0,8.0,8.0,8.0,8.0,8.0,8.0,8.0,8.0,8.0,0.0,0.0,0.0,0.0,0.0,0.0,0.0,0.0,0.0,0.0,0.0,0.0,0.0,0.0,0.0,0.0,0.0,0.0,0.0,0.0,0.0,0.0,0.0,0.0,0.0,0.0,0.0,0.0,0.0,0.0,0.0,0.0,0.0,0.0,0.0,0.0,0.0,0.0,0.0,0.0,0.0,0.0,0.0,0.0,0.0,0.0,2.996509142728479,0.0,0.0,0.0,4.090791995218106,3.82254684206272,4.466656161837026,1.3308329461641613,0.0,0.0,1.1064034195312673,0.0,0.0,0.0,3.3337880374945152,0.0,0.0,0.0,4.908583460875194,0.0,0.0,3.2466269086938158,0.0,0.0,0.0
user017,0.0,0.0,0.0,0.0,0.0,0.0,0.0,0.0,0.0,0.0,0.0,0.0,0.0,0.0,2.2,0.0,0.0,0.0,0.0,0.0,0.0,0.0,0.0,0.0,0.0,0.0,0.0,0.0,0.0,8.8,8.8,8.8,8.8,8.8,8.8,8.8,8.8,8.8,8.8,0.0,0.0,0.0,0.0,0.0,0.0,0.0,0.0,0.0,0.0,0.0,0.0,0.0,6.8,0.0,0.0,0.0,0.0,0.0,0.0,0.0,0.0,0.0,0.0,0.0,0.0,0.0,0.0,0.0,0.0,0.0,0.0,0.0,0.0,0.0,0.0,0.0,0.0,0.0,0.0,0.0,0.0,0.0,0.0,0.0,0.0,2.3956245732134844,0.0,0.0,4.314178881973316,3.398141483771689,0.0,3.453915752217499,3.0934191797198656,0.0,0.0,0.0,0.0,0.0,4.4783232322199185,3.0147471944817155,2.897718358284524,3.8601360483671927,0.0,3.241757629511524,2.90304235968379,3.5833480136052382,0.0,0.0,3.6850032712566456,3.1712402449231263
user018,0.0,0.0,0.0,0.0,0.0,0.0,0.0,0.0,0.0,0.0,0.0,0.0,0.0,0.0,0.0,0.0,0.0,0.0,0.0,0.0,0.0,0.0,0.0,0.0,0.0,0.0,0.0,0.0,0.0,0.0,0.0,0.0,0.0,0.0,0.0,0.0,0.0,0.0,0.0,0.0,0.0,0.0,0.0,0.0,0.0,0.0,0.0,0.0,0.0,0.0,0.0,0.0,0.0,0.0,0.0,0.0,0.0,0.0,0.0,0.0,0.0,0.0,0.0,0.0,0.0,0.0,0.0,0.0,0.0,0.0,0.0,0.0,0.0,0.0,0.0,0.0,5.4,0.0,0.0,0.0,0.0,0.0,0.0,0.0,0.0,3.112883363351214,0.0,0.0,0.0,2.7758781501494085,0.0,4.177405506223656,0.0,2.999016320611078,1.0143022418871865,0.0,0.0,0.0,3.4377474112892554,4.7073123552080816,0.0,0.0,2.329836913308844,1.7908554249382291,0.0,1.9520262738251861,2.7973013200194417,0.0,0.0,0.0
user019,0.0,0.0,0.0,0.0,0.0,0.0,0.0,0.0,0.0,0.0,0.0,0.0,0.0,0.0,0.0,0.0,0.0,0.0,0.0,0.0,0.0,0.0,0.0,0.0,0.0,0.0,0.0,0.0,0.0,0.0,0.0,0.0,0.0,0.0,0.0,0.0,0.0,0.0,0.0,0.0,0.0,0.0,0.0,0.0,0.0,0.0,0.0,0.0,0.0,0.0,0.0,0.0,0.0,0.0,0.0,0.0,0.0,0.0,0.0,0.0,0.0,0.0,0.0,0.0,0.0,0.0,0.0,0.0,0.0,0.0,0.0,0.0,0.0,0.0,0.0,0.0,0.0,9.0,0.0,0.0,0.0,0.0,0.0,0.0,0.0,1.575157107126063,1.0985454555632383,0.0,0.0,3.8807940969131343,0.0,0.0,3.483735644267654,0.0,0.0,0.0,0.0,4.818956157153087,1.7988273522662674,0.0,0.0,0.0,0.0,0.0,3.5354646655385484,0.0,0.0,0.0,2.1586902589518866,0.0
user020,0.0,0.0,0.0,0.0,0.0,0.0,0.0,0.0,0.0,0.0,0.0,0.0,0.0,0.0,0.0,0.0,0.0,0.0,0.0,0.0,0.0,0.0,0.0,0.0,0.0,0.0,0.0,0.0,0.0,0.0,0.0,0.0,0.0,0.0,0.0,0.0,0.0,0.0,0.0,0.0,0.0,0.0,0.0,0.0,0.0,0.0,0.0,0.0,0.0,0.0,0.0,0.0,0.0,0.0,0.0,0.0,0.0,7.4,0.0,0.0,0.0,0.0,0.0,0.0,0.0,0.0,0.0,0.0,0.0,0.0,0.0,0.0,0.0,0.0,0.0,0.0,7.2,0.0,0.0,7.6,0.0,0.0,0.0,0.0,0.0,0.0,0.0,3.8496891419372266,0.0,0.0,0.0,0.0,0.0,0.0,0.0,2.8508570178200117,3.872563798715669,1.9079843376028207,4.75133859307928,0.0,0.0,0.0,1.2099612994120097,1.91319454832951,0.0,0.0,2.2800235630304937,0.0,4.6830061147024065,0.0
user021,0.0,0.0,0.0,0.0,0.0,0.0,0.0,6.8,0.0,0.0,0.0,0.0,0.0,0.0,0.0,0.0,0.0,0.0,0.0,0.0,0.0,0.0,0.0,7.2,0.0,0.0,0.0,0.0,0.0,0.0,0.0,0.0,0.0,0.0,0.0,0.0,0.0,0.0,0.0,0.0,0.0,0.0,0.0,0.0,0.0,0.0,0.0,0.0,0.0,0.0,0.0,0.0,0.0,0.0,0.0,0.0,0.0,0.0,0.0,0.0,0.0,0.0,0.0,0.0,0.0,0.0,0.0,0.0,0.0,0.0,0.0,0.0,0.0,0.0,0.0,0.0,0.0,0.0,0.0,0.0,0.0,0.0,0.0,0.0,0.0,0.0,0.0,0.0,0.0,0.0,0.0,0.0,0.0,0.0,0.0,0.0,0.0,2.0109040123494197,0.0,4.012702219523133,0.0,0.0,0.0,0.0,0.0,0.0,1.260826132751737,2.1648198094024704,0.0,0.0
user022,0.0,0.0,0.0,0.0,0.0,0.0,0.0,0.0,0.0,0.0,0.0,0.0,0.0,0.0,0.0,0.0,0.0,0.0,0.0,0.0,0.0,0.0,0.0,0.0,0.0,0.0,0.0,10.0,0.0,0.0,0.0,0.0,0.0,0.0,0.0,0.0,0.0,0.0,0.0,0.0,0.0,0.0,0.0,0.0,0.0,0.0,0.0,0.0,0.0,0.0,0.0,0.0,0.0,0.0,0.0,0.0,0.0,0.0,0.0,0.0,0.0,0.0,0.0,0.0,0.0,0.0,0.0,0.0,0.0,0.0,0.0,0.0,0.0,0.0,0.0,0.0,0.0,0.0,0.0,0.0,0.0,0.0,0.0,0.0,0.0,0.0,1.5540072924785302,0.0,0.0,1.2338955114838432,0.0,4.349974214556801,4.21101023242707,0.0,0.0,0.0,0.0,2.3372926695301177,0.0,2.8081120309814773,4.20920950800416,1.5547550545234103,4.655041341292803,4.116779694302624,0.0,0.0,0.0,1.9281560884644784,0.0,4.194052496121314
user023,0.0,0.0,0.0,0.0,0.0,0.0,0.0,0.0,0.0,0.0,0.0,0.0,1.0,0.0,0.0,0.0,0.0,0.0,0.0,0.0,0.0,0.0,0.0,0.0,0.0,0.0,0.0,0.0,0.0,0.0,0.0,0.0,0.0,0.0,0.0,0.0,0.0,0.0,0.0,0.0,0.0,0.0,0.0,0.0,0.0,0.0,0.0,0.0,0.0,0.0,0.0,0.0,0.0,0.0,0.0,0.0,0.0,0.0,0.0,0.0,0.0,0.0,0.0,0.0,5.0,0.0,0.0,0.0,0.0,0.0,0.0,0.0,0.0,0.0,0.0,0.0,0.0,0.0,0.0,0.0,0.0,0.0,0.0,0.0,0.0,1.2207170206546132,0.0,3.239930479697203,0.0,0.0,0.0,3.6138267026683906,1.553620307165657,4.84145851131237,0.0,4.3843321538558175,0.0,2.1909335490548565,0.0,1.6570484382545767,0.0,0.0,0.0,2.185957447112466,0.0,0.0,0.0,4.060908529804825,0.0,3.9058955581975576
user024,0.0,0.0,0.0,0.0,0.0,0.0,0.0,0.0,0.0,0.0,0.0,7.0,0.0,0.0,0.0,0.0,0.0,0.0,0.0,0.0,0.0,0.0,0.0,0.0,0.0,0.0,0.0,0.0,0.0,0.0,0.0,0.0,0.0,0.0,0.0,0.0,0.0,0.0,0.0,0.0,0.0,0.0,0.0,0.0,0.0,0.0,0.0,0.0,0.0,0.0,0.0,0.0,0.0,0.0,0.0,0.0,0.0,0.0,0.0,0.0,0.0,0.0,0.0,0.0,0.0,0.0,0.0,0.0,0.0,0.0,0.0,0.0,0.0,0.0,0.0,0.0,0.0,0.0,0.0,0.0,0.0,0.0,0.0,0.0,0.0,0.0,0.0,2.5158751789413034,0.0,1.5761187738642364,2.952713888615345,0.0,4.427932211960277,4.103457667998795,2.1533444525491174,3.4565621914875004,0.0,0.0,0.0,0.0,0.0,0.0,1.117957261450654,0.0,0.0,0.0,0.0,4.56092176341475,0.0,0.0
user025,0.0,0.0,0.0,0.0,0.0,0.0,0.0,0.0,0.0,0.0,0.0,0.0,0.0,0.0,0.0,5.0,0.0,0.0,0.0,0.0,0.0,0.0,0.0,8.6,0.0,0.0,0.0,0.0,0.0,0.0,0.0,0.0,0.0,0.0,0.0,0.0,0.0,0.0,0.0,0.0,0.0,0.0,5.0,0.0,0.0,0.0,0.0,0.0,0.0,0.0,0.0,0.0,0.0,0.0,0.0,0.0,0.0,0.0,0.0,0.0,0.0,0.0,0.0,0.0,0.0,0.0,0.0,0.0,0.0,0.0,0.0,0.0,0.0,0.0,0.0,0.0,0.0,0.0,0.0,0.0,0.0,0.0,0.0,0.0,0.0,4.260498217862456,4.3870803897342014,0.0,4.915378749505528,0.0,4.741718182745414,0.0,0.0,1.3460433092031,0.0,0.0,0.0,0.0,0.0,2.6492629123997498,4.601170752198394,4.6851011335670645,0.0,0.0,0.0,2.605849536477167,0.0,4.27653207262299,0.0,4.320155563405888
user026,0.0,0.0,0.0,0.0,0.0,0.0,0.0,0.0,0.0,0.0,0.0,0.0,0.0,0.0,0.0,0.0,0.0,0.0,0.0,0.0,0.0,0.0,0.0,0.0,0.0,0.0,0.0,0.0,0.0,0.0,0.0,0.0,0.0,0.0,0.0,0.0,0.0,0.0,0.0,0.0,0.0,0.0,0.0,0.0,0.0,0.0,0.0,0.0,0.0,0.0,0.0,0.0,0.0,0.0,0.0,0.0,0.0,0.0,0.0,0.0,0.0,0.0,0.0,0.0,0.0,0.0,0.0,0.0,0.0,0.0,0.0,0.0,0.0,0.0,0.0,0.0,0.0,0.0,5.0,0.0,0.0,0.0,0.0,0.0,0.0,2.1339047068936488,1.1287434287145168,0.0,0.0,3.9250652537363635,0.0,3.6854581652607408,0.0,2.9095185928896607,0.0,3.9908503573813436,0.0,1.5048453606989391,4.590970971690942,0.0,0.0,4.86153448315857,3.095103327873267,0.0,4.17731374271006,4.963366952932727,3.4399599830293948,0.0,0.0,0.0
user027,0.0,0.0,0.0,0.0,0.0,0.0,0.0,0.0,0.0,0.0,0.0,0.0,0.0,0.0,0.0,0.0,0.0,0.0,0.0,0.0,0.0,0.0,0.0,0.0,0.0,0.0,0.0,0.0,0.0,6.8,6.8,6.8,6.8,6.8,6.8,6.8,6.8,6.8,6.8,0.0,0.0,0.0,0.0,0.0,0.0,0.0,0.0,0.0,0.0,0.0,0.0,0.0,0.0,0.0,0.0,0.0,0.0,0.0,0.0,0.0,0.0,0.0,0.0,0.0,0.0,0.0,0.0,0.0,0.0,0.0,0.0,0.0,0.0,0.0,0.0,0.0,0.0,0.0,0.0,0.0,0.0,0.0,0.0,0.0,0.0,4.198651935179333,3.5563255450641496,4.576872476546455,2.636806553668459,0.0,4.159613230493203,0.0,1.667652989457293,1.1250527116852007,0.0,0.0,0.0,0.0,0.0,4.766643390271421,2.537391275665136,0.0,0.0,3.7070414668756473,0.0,3.5282214129848732,0.0,0.0,0.0,0.0
user028,0.0,0.0,0.0,0.0,0.0,0.0,0.0,0.0,0.0,0.0,0.0,0.0,0.0,0.0,0.0,0.0,0.0,0.0,0.0,0.0,0.0,0.0,0.0,0.0,0.0,0.0,0.0,0.0,0.0,0.0,0.0,0.0,0.0,0.0,0.0,0.0,0.0,0.0,0.0,2.6,0.0,0.0,0.0,0.0,0.0,0.0,0.0,0.0,0.0,0.0,0.0,0.0,0.0,0.0,0.0,0.0,0.0,0.0,0.0,0.0,0.0,0.0,0.0,0.0,0.0,0.0,0.0,0.0,0.0,0.0,0.0,0.0,0.0,0.0,0.0,0.0,0.0,0.0,0.0,0.0,0.0,0.0,0.0,0.0,0.0,0.0,0.0,0.0,3.7016539488993314,2.626157239432463,1.6222482819232722,0.0,0.0,0.0,0.0,2.8375027513157103,0.0,0.0,0.0,2.7027137213001886,0.0,3.3627723926088415,1.2832436607951014,0.0,0.0,0.0,1.3767985656914203,3.9066492213120267,0.0,0.0
user029,0.0,0.0,0.0,0.0,0.0,0.0,0.0,0.0,0.0,0.0,0.0,0.0,0.0,0.0,0.0,0.0,0.0,0.0,0.0,0.0,0.0,0.0,0.0,0.0,0.0,0.0,0.0,0.0,0.0,0.0,0.0,0.0,0.0,0.0,0.0,0.0,0.0,0.0,0.0,0.0,0.0,0.0,0.0,0.0,0.0,0.0,0.0,0.0,0.0,0.0,0.0,0.0,0.0,0.0,0.0,6.0,0.0,0.0,0.0,0.0,0.0,0.0,0.0,0.0,0.0,0.0,0.0,0.0,0.0,0.0,0.0,0.0,0.0,0.0,6.0,0.0,0.0,0.0,0.0,0.0,0.0,0.0,0.0,0.0,0.0,1.0993694942911447,0.0,0.0,0.0,0.0,0.0,0.0,1.1886012876410792,2.768733143533332,0.0,0.0,0.0,2.726597309669506,3.3721669759797495,1.9924005514807202,1.55079210282878,0.0,0.0,0.0,3.6940200994636587,0.0,0.0,0.0,1.1105744183734276,0.0
user030,0.0,0.0,0.0,0.0,0.0,0.0,0.0,0.0,0.0,0.0,0.0,0.0,0.0,0.0,0.0,0.0,0.0,0.0,0.0,0.0,0.0,0.0,0.0,0.0,0.0,0.0,0.0,0.0,0.0,0.0,0.0,0.0,0.0,0.0,0.0,0.0,0.0,0.0,0.0,4.4,0.0,0.0,0.0,0.0,0.0,0.0,0.0,0.0,0.0,0.0,0.0,0.0,0.0,0.0,0.0,0.0,0.0,0.0,0.0,0.0,0.0,0.0,0.0,0.0,0.0,0.0,0.0,0.0,0.0,0.0,0.0,0.0,0.0,0.0,0.0,0.0,0.0,0.0,0.0,0.0,0.0,0.0,0.0,0.0,0.0,0.0,3.048845932414984,2.426090286651496,0.0,0.0,0.0,4.959192755992362,0.0,1.5811304355624176,2.4588156546189612,0.0,1.13322865075272,1.786582186448558,2.4911090471315545,0.0,0.0,1.6545820342540254,0.0,4.117602138678015,0.0,4.966966142429947,0.0,0.0,0.0,0.0
user031,0.0,0.0,0.0,0.0,0.0,0.0,0.0,0.0,0.0,0.0,0.0,0.0,0.0,0.0,0.0,0.0,0.0,0.0,0.0,0.0,0.0,0.0,0.0,0.0,0.0,0.0,0.0,0.0,0.0,0.0,9.8,9.8,9.8,9.8,9.8,9.8,9.8,9.8,9.8,0.0,0.0,0.0,0.0,0.0,0.0,0.0,0.0,0.0,0.0,0.0,0.0,0.0,0.0,0.0,0.0,0.0,0.0,0.0,0.0,0.0,0.0,0.0,0.0,0.0,0.0,0.0,0.0,0.0,0.0,0.0,0.0,0.0,0.0,0.0,0.0,0.0,0.0,0.0,0.0,0.0,0.0,0.0,0.0,0.0,0.0,0.0,1.218450508506352,0.0,3.9819113851756516,2.9986234930280116,0.0,0.0,1.846772127323292,0.0,0.0,0.0,0.0,3.0356229393368444,2.6762431689595743,3.1118937834121962,1.294919194492273,0.0,0.0,2.2831718763289115,4.6350498057252585,4.841995878646182,0.0,0.0,3.152681095680813,3.9918212654251626
user032,0.0,0.0,0.0,0.0,0.0,0.0,0.0,0.0,10.0,0.0,0.0,0.0,0.0,0.0,0.0,0.0,0.0,0.0,0.0,0.0,0.0,0.0,0.0,0.0,0.0,0.0,0.0,0.0,0.0,0.0,0.0,0.0,0.0,0.0,0.0,0.0,0.0,0.0,0.0,0.0,0.0,0.0,0.0,0.0,0.0,0.0,0.0,0.0,0.0,0.0,0.0,0.0,0.0,0.0,0.0,0.0,0.0,0.0,0.0,0.0,0.0,0.0,0.0,0.0,0.0,0.0,0.0,0.0,0.0,0.0,0.0,0.0,0.0,0.0,0.0,0.0,0.0,0.0,0.0,0.0,0.0,0.0,0.0,0.0,0.0,3.262811919920152,1.0266052057370327,2.634364273825455,4.237308065435528,0.0,0.0,1.3238114078291847,4.797316856912425,0.0,4.447389705710636,0.0,2.514341034949109,0.0,0.0,2.950712252665497,4.36933057294566,0.0,1.5170623832974797,1.4021367216794607,1.5955665383982272,0.0,4.034273072962163,0.0,0.0,2.99764355726064
user033,0.0,0.0,0.0,0.0,0.0,0.0,0.0,0.0,0.0,0.0,0.0,0.0,0.0,0.0,0.0,0.0,0.0,0.0,0.0,0.0,0.0,0.0,0.0,0.0,0.0,0.0,0.0,0.0,0.0,0.0,0.0,0.0,0.0,0.0,0.0,0.0,0.0,0.0,0.0,0.0,0.0,0.0,0.0,0.0,0.0,0.0,0.0,0.0,0.0,0.0,0.0,0.0,0.0,0.0,0.0,0.0,0.0,0.0,0.0,0.0,0.0,0.0,0.0,0.0,0.0,0.0,0.0,0.0,0.0,0.0,0.0,0.0,0.0,0.0,0.0,0.0,0.0,0.0,0.0,0.0,0.0,0.0,0.0,7.8,0.0,0.0,3.5365916367329153,0.0,2.6874748622585947,0.0,3.545960711468758,0.0,1.3740615106675533,2.876697299911466,3.07542977503787,4.352715761688559,0.0,0.0,0.0,3.158820614879476,1.0613285142147877,4.165285271577389,0.0,0.0,0.0,0.0,0.0,4.576264039115289,3.544083567043272,0.0
user034,0.0,0.0,0.0,0.0,0.0,0.0,0.0,0.0,0.0,0.0,0.0,0.0,0.0,0.0,0.0,0.0,0.0,0.0,0.0,0.0,0.0,0.0,0.0,0.0,0.0,0.0,0.0,0.0,0.0,0.0,0.0,0.0,0.0,0.0,0.0,0.0,0.0,0.0,0.0,0.0,0.0,0.0,0.0,0.0,0.0,0.0,0.0,0.0,3.8,0.0,0.0,0.0,0.0,0.0,0.0,0.0,10.0,0.0,0.0,0.0,0.0,0.0,0.0,0.0,0.0,0.0,0.0,0.0,0.0,0.0,0.0,0.0,0.0,0.0,0.0,0.0,0.0,0.0,0.0,0.0,0.0,0.0,0.0,0.0,0.0,1.5542012225202075,1.740186990015344,3.1799495306572805,3.7956992961491984,0.0,4.1610747039719875,0.0,0.0,0.0,0.0,1.5115163995111573,3.6737572746052924,2.1487736719185655,0.0,0.0,0.0,4.09873134474374,0.0,0.0,3.6162256186677904,0.0,0.0,0.0,0.0,0.0
user035,0.0,0.0,0.0,0.0,0.0,7.300000000000001,0.0,0.0,0.0,0.0,0.0,0.0,0.0,0.0,0.0,0.0,0.0,0.0,0.0,0.0,0.0,0.0,0.0,0.0,0.0,0.0,0.0,0.0,0.0,0.0,0.0,0.0,0.0,0.0,0.0,0.0,0.0,0.0,0.0,0.0,5.4,0.0,0.0,0.0,0.0,0.0,0.0,0.0,0.0,0.0,0.0,0.0,0.0,0.0,0.0,0.0,0.0,0.0,0.0,0.0,0.0,0.0,0.0,0.0,0.0,0.0,0.0,0.0,0.0,0.0,0.0,0.0,0.0,0.0,0.0,0.0,0.0,0.0,0.0,0.0,0.0,0.0,0.0,0.0,0.0,0.0,0.0,0.0,4.245639250157453,0.0,0.0,0.0,0.0,0.0,0.0,0.0,0.0,0.0,0.0,0.0,4.195861781531734,4.52707405622207,0.0,0.0,1.1732723040378294,0.0,3.141327644482743,0.0,0.0,0.0
user036,0.0,0.0,8.4,0.0,0.0,0.0,0.0,0.0,0.0,0.0,0.0,0.0,0.0,0.0,0.0,0.0,0.0,0.0,0.0,0.0,0.0,0.0,0.0,0.0,0.0,0.0,0.0,0.0,0.0,0.0,0.0,0.0,0.0,0.0,0.0,0.0,0.0,0.0,0.0,0.0,0.0,0.0,0.0,0.0,0.0,0.0,0.0,0.0,0.0,0.0,0.0,0.0,0.0,0.0,0.0,0.0,0.0,0.0,0.0,0.0,0.0,0.0,0.0,0.0,0.0,0.0,0.0,0.0,0.0,0.0,0.0,0.0,0.0,0.0,7.0,0.0,0.0,0.0,0.0,0.0,0.0,0.0,0.0,0.0,0.0,2.0898573098783766,1.5470056622678525,0.0,0.0,2.1048425500682324,0.0,0.0,0.0,0.0,0.0,4.293255645133624,3.007395726305589,0.0,0.0,2.457639939029989,0.0,1.4614377542159205,0.0,3.1163689908608676,4.859180611428992,0.0,0.0,0.0,0.0,0.0
user037,0.0,0.0,0.0,0.0,0.0,0.0,0.0,0.0,0.0,0.0,0.0,0.0,0.0,0.0,0.0,0.0,0.0,0.0,0.0,0.0,0.0,0.0,0.0,0.0,0.0,0.0,0.0,0.0,0.0,0.0,0.0,0.0,0.0,0.0,0.0,0.0,0.0,0.0,0.0,0.0,0.0,0.0,0.0,0.0,0.0,0.0,0.0,0.0,0.0,0.0,0.0,0.0,0.0,0.0,0.0,0.0,0.0,0.0,0.0,0.0,0.0,0.0,0.0,0.0,0.0,0.0,0.0,0.0,0.0,0.0,0.0,0.0,0.0,8.0,0.0,0.0,0.0,0.0,0.0,0.0,0.0,0.0,0.0,0.0,0.0,0.0,0.0,1.4555942662914094,1.817657626195198,1.3705701590319936,0.0,4.377585001443641,0.0,2.9713613978418913,3.996274743984489,0.0,0.0,0.0,0.0,3.070639426686924,0.0,0.0,0.0,0.0,0.0,0.0,0.0,0.0,4.078354963334801,3.80172077302524
user038,0.0,0.0,0.0,0.0,0.0,0.0,0.0,0.0,0.0,0.0,0.0,0.0,0.0,0.0,0.0,0.0,0.0,0.0,0.0,0.0,0.0,0.0,0.0,0.0,0.0,0.0,0.0,0.0,0.0,0.0,0.0,0.0,0.0,0.0,0.0,0.0,0.0,0.0,0.0,0.0,0.0,0.0,0.0,0.0,0.0,0.0,0.0,1.0,0.0,0.0,0.0,0.0,0.0,0.0,0.0,0.0,0.0,0.0,0.0,0.0,0.0,0.0,0.0,0.0,0.0,0.0,0.0,0.0,0.0,0.0,0.0,0.0,0.0,0.0,0.0,0.0,0.0,0.0,0.0,0.0,0.0,0.0,0.0,0.0,0.0,0.0,0.0,0.0,0.0,3.4036221995398503,0.0,1.9604025845887927,0.0,0.0,0.0,0.0,0.0,0.0,0.0,0.0,3.1623934630821804,0.0,0.0,0.0,0.0,4.880183858622555,0.0,0.0,0.0,0.0
user039,0.0,0.0,0.0,0.0,0.0,0.0,3.4,0.0,0.0,0.0,0.0,0.0,0.0,0.0,0.0,0.0,0.0,0.0,0.0,0.0,0.0,0.0,0.0,0.0,0.0,0.0,0.0,0.0,0.0,0.0,0.0,0.0,0.0,0.0,0.0,0.0,0.0,0.0,0.0,0.0,0.0,0.0,0.0,0.0,0.0,0.0,0.0,0.0,0.0,0.0,0.0,0.0,0.0,0.0,0.0,0.0,0.0,0.0,0.0,0.0,0.0,0.0,0.0,0.0,0.0,0.0,0.0,0.0,0.0,0.0,0.0,0.0,0.0,0.0,0.0,0.0,0.0,0.0,0.0,0.0,0.0,0.0,0.0,0.0,0.0,0.0,0.0,1.787859405912216,2.933714571213221,0.0,0.0,0.0,0.0,0.0,0.0,0.0,0.0,0.0,0.0,0.0,3.996644443456618,0.0,2.5449101552329747,0.0,0.0,1.8241880211805968,2.6379591238492712,4.268177075189451,1.0922685046277665,0.0
user040,0.0,0.0,0.0,0.0,0.0,0.0,0.0,0.0,0.0,0.0,0.0,0.0,0.0,0.0,0.0,0.0,0.0,0.0,0.0,0.0,0.0,0.0,0.0,0.0,0.0,0.0,0.0,0.0,0.0,0.0,10.0,10.0,10.0,10.0,10.0,10.0,10.0,10.0,10.0,0.0,0.0,0.0,0.0,0.0,0.0,0.0,0.0,0.0,0.0,0.0,0.0,0.0,0.0,0.0,0.0,0.0,0.0,0.0,0.0,0.0,0.0,0.0,0.0,0.0,0.0,0.0,0.0,0.0,0.0,0.0,0.0,0.0,0.0,0.0,0.0,0.0,0.0,0.0,0.0,0.0,0.0,0.0,0.0,0.0,0.0,0.0,0.0,0.0,0.0,0.0,1.5911644714506323,4.291233699740944,3.914572788478181,0.0,0.0,1.405370591315791,2.457352198234252,1.4191551300497904,0.0,0.0,0.0,0.0,0.0,0.0,2.4979948032911823,0.0,2.375780775395769,0.0,2.382367934624772,0.0
user041,0.0,0.0,0.0,0.0,0.0,0.0,0.0,0.0,0.0,0.0,0.0,0.0,0.0,0.0,0.0,0.0,0.0,0.0,0.0,0.0,0.0,0.0,0.0,0.0,0.0,0.0,0.0,0.0,0.0,0.0,0.0,0.0,0.0,0.0,0.0,0.0,0.0,0.0,0.0,0.0,0.0,0.0,0.0,0.0,0.0,0.0,0.0,0.0,7.8,0.0,0.0,0.0,0.0,0.0,0.0,0.0,0.0,0.0,0.0,0.0,0.0,0.0,0.0,0.0,0.0,0.0,0.0,0.0,0.0,0.0,0.0,0.0,0.0,0.0,0.0,0.0,0.0,0.0,0.0,0.0,0.0,0.0,0.0,0.0,0.0,2.3709006497840246,0.0,0.0,0.0,2.4130778278739284,0.0,0.0,0.0,0.0,0.0,0.0,3.223342921402937,2.1733424142416125,0.0,3.8948212126887936,0.0,0.0,2.2505905291854056,4.5360435886953,0.0,0.0,2.66299365093089,0.0,1.8432204394883929,0.0
user042,0.0,0.0,0.0,0.0,0.0,0.0,0.0,0.0,0.0,0.0,0.0,0.0,0.0,0.0,0.0,0.0,0.0,0.0,0.0,0.0,0.0,0.0,0.0,0.0,0.0,0.0,0.0,0.0,0.0,0.0,0.0,0.0,0.0,0.0,0.0,0.0,0.0,0.0,0.0,0.0,0.0,0.0,0.0,0.0,0.0,0.0,0.0,0.0,0.0,0.0,0.0,0.0,0.0,0.0,0.0,0.0,0.0,0.0,0.0,0.0,0.0,0.0,0.0,0.0,0.0,0.0,0.0,0.0,0.0,0.0,0.0,0.0,0.0,10.0,0.0,0.0,0.0,0.0,0.0,0.0,0.0,0.0,0.0,0.0,0.0,0.0,0.0,2.559832822249896,0.0,3.3832549075383738,0.0,0.0,4.925876902899667,0.0,0.0,0.0,0.0,3.237200145936933,1.9126202744453185,2.5696441201727653,1.1163173961889639,0.0,0.0,2.655760165957921,0.0,0.0,0.0,0.0,0.0,0.0
user043,0.0,0.0,0.0,0.0,0.0,0.0,0.0,0.0,0.0,0.0,0.0,0.0,0.0,0.0,0.0,0.0,0.0,0.0,8.0,0.0,0.0,0.0,0.0,0.0,0.0,0.0,0.0,0.0,0.0,0.0,0.0,0.0,0.0,0.0,0.0,0.0,0.0,0.0,0.0,0.0,0.0,0.0,0.0,0.0,0.0,0.0,0.0,0.0,0.0,0.0,0.0,0.0,0.0,0.0,0.0,0.0,0.0,0.0,0.0,0.0,0.0,0.0,0.0,0.0,0.0,0.0,0.0,0.0,0.0,0.0,0.0,0.0,0.0,0.0,0.0,0.0,0.0,0.0,0.0,0.0,0.0,0.0,0.0,0.0,0.0,0.0,3.611095523158373,0.0,2.7200118778649154,0.0,1.7283925756537815,0.0,0.0,2.3428819430168666,0.0,0.0,1.484099922958297,0.0,4.787120640565449,0.0,3.203675377975769,0.0,0.0,0.0,0.0,2.842721203147139,0.0,4.547372395206315,0.0,3.62799458518535
user044,0.0,0.0,0.0,0.0,0.0,0.0,0.0,0.0,0.0,0.0,0.0,0.0,0.0,0.0,0.0,0.0,0.0,0.0,0.0,0.0,0.0,0.0,0.0,0.0,0.0,0.0,0.0,0.0,0.0,4.2,4.2,4.2,4.2,4.2,4.2,4.2,4.2,4.2,4.2,0.0,0.0,0.0,0.0,0.0,0.0,0.0,0.0,0.0,0.0,0.0,0.0,0.0,0.0,0.0,0.0,0.0,0.0,0.0,0.0,0.0,0.0,0.0,0.0,0.0,0.0,0.0,0.0,0.0,0.0,0.0,0.0,0.0,0.0,0.0,0.0,0.0,0.0,0.0,0.0,0.0,0.0,0.0,0.0,0.0,0.0,1.6191655667369447,0.0,0.0,1.0085666446631532,2.4997184536150887,0.0,0.0,2.283236793135804,3.638325704757842,2.5853334985477,2.9493187053115575,1.225871922914941,0.0,0.0,2.0828221333759855,0.0,4.637867475209804,3.81450578971888,1.013328389662881,0.0,1.796330256072601,3.540611723997113,4.375664935678817,2.9534183110334555,0.0
user045,0.0,0.0,0.0,0.0,0.0,0.0,0.0,0.0,0.0,0.0,0.0,0.0,0.0,0.0,0.0,0.0,0.0,0.0,0.0,0.0,8.8,0.0,0.0,0.0,0.0,0.0,0.0,0.0,0.0,0.0,0.0,0.0,0.0,0.0,0.0,0.0,0.0,0.0,0.0,0.0,0.0,0.0,0.0,0.0,0.0,0.0,0.0,0.0,0.0,0.0,0.0,0.0,0.0,0.0,0.0,0.0,0.0,0.0,0.0,0.0,0.0,0.0,0.0,0.0,0.0,0.0,0.0,0.0,0.0,0.0,0.0,0.0,0.0,0.0,0.0,0.0,0.0,0.0,0.0,0.0,0.0,0.0,0.0,0.0,0.0,3.4315299942607838,4.627343198572645,4.602686215703132,4.972267528088878,4.5329020455256845,0.0,0.0,3.250048673513105,0.0,4.645877685796383,0.0,0.0,0.0,0.0,0.0,0.0,2.5031053684102904,0.0,0.0,0.0,0.0,1.4149920301661547,0.0,0.0,0.0
user046,0.0,0.0,0.0,0.0,0.0,0.0,0.0,0.0,0.0,0.0,0.0,0.0,0.0,0.0,0.0,0.0,0.0,0.0,0.0,0.0,0.0,0.0,0.0,0.0,0.0,0.0,0.0,0.0,0.0,0.0,0.0,0.0,0.0,0.0,0.0,0.0,0.0,0.0,0.0,0.0,0.0,0.0,0.0,0.0,0.0,0.0,0.0,0.0,0.0,0.0,0.0,0.0,0.0,0.0,0.0,0.0,0.0,0.0,0.0,0.0,0.0,0.0,0.0,0.0,5.0,0.0,0.0,0.0,0.0,0.0,0.0,0.0,0.0,0.0,0.0,0.0,0.0,0.0,0.0,0.0,0.0,0.0,0.0,0.0,0.0,0.0,0.0,0.0,0.0,2.1888400211425925,0.0,0.0,3.951792360306185,0.0,3.480126168031446,2.1055038765731315,0.0,1.2550645635554045,2.1943287466526327,0.0,1.2769311291369525,0.0,4.3969925189864885,3.9147053419696336,1.2603170991716328,0.0,0.0,0.0,1.4455939137648182,3.640708821070892
user047,0.0,0.0,0.0,0.0,0.0,0.0,0.0,0.0,8.2,0.0,0.0,0.0,0.0,0.0,0.0,0.0,0.0,0.0,0.0,0.0,0.0,0.0,0.0,0.0,0.0,0.0,0.0,0.0,0.0,0.0,0.0,0.0,0.0,0.0,0.0,0.0,0.0,0.0,0.0,0.0,0.0,0.0,0.0,0.0,0.0,0.0,0.0,0.0,0.0,0.0,0.0,0.0,0.0,0.0,0.0,0.0,0.0,0.0,0.0,0.0,0.0,0.0,0.0,0.0,0.0,0.0,0.0,0.0,0.0,0.0,0.0,0.0,0.0,0.0,0.0,0.0,0.0,0.0,0.0,0.0,0.0,0.0,0.0,0.0,0.0,0.0,0.0,0.0,0.0,0.0,0.0,4.098493298259665,0.0,0.0,0.0,0.0,0.0,0.0,2.0135682024658674,2.746255377393485,0.0,0.0,0.0,0.0,4.191434634443786,0.0,0.0,0.0,0.0,0.0
user048,0.0,0.0,0.0,0.0,0.0,0.0,0.0,0.0,0.0,0.0,0.0,0.0,0.0,0.0,0.0,0.0,0.0,0.0,0.0,0.0,0.0,0.0,0.0,0.0,0.0,0.0,0.0,0.0,0.0,0.0,0.0,0.0,0.0,0.0,0.0,0.0,0.0,0.0,0.0,0.0,0.0,0.0,0.0,0.0,0.0,0.0,0.0,0.0,0.0,0.0,0.0,0.0,0.0,0.0,9.6,0.0,0.0,0.0,0.0,0.0,0.0,0.0,0.0,0.0,0.0,0.0,0.0,0.0,0.0,0.0,0.0,0.0,0.0,0.0,0.0,0.0,0.0,0.0,0.0,0.0,0.0,0.0,0.0,0.0,0.0,0.0,0.0,1.6928299637877173,4.047300665691419,0.0,0.0,0.0,0.0,2.2347413135082608,4.304001913104292,4.419330428645763,3.7453167785132795,3.920952431183973,0.0,0.0,0.0,3.19520417984626,0.0,0.0,0.0,0.0,3.1992625289469303,2.941461389466648,4.855529993401588,2.29331506177115
user049,0.0,0.0,0.0,0.0,0.0,0.0,0.0,0.0,0.0,0.0,0.0,0.0,0.0,0.0,0.0,0.0,0.0,0.0,0.0,0.0,0.0,0.0,0.0,0.0,0.0,0.0,0.0,0.0,0.0,0.0,0.0,0.0,0.0,0.0,0.0,0.0,0.0,0.0,0.0,0.0,0.0,0.0,0.0,0.0,9.0,0.0,0.0,0.0,0.0,0.0,0.0,0.0,0.0,0.0,0.0,0.0,0.0,0.0,0.0,0.0,0.0,0.0,0.0,0.0,0.0,0.0,0.0,0.0,0.0,0.0,0.0,0.0,0.0,0.0,0.0,0.0,0.0,0.0,0.0,0.0,0.0,0.0,0.0,0.0,0.0,0.0,0.0,0.0,4.1067800293378145,0.0,3.879536413437408,3.082803985144015,0.0,0.0,0.0,0.0,0.0,3.849626626489735,0.0,0.0,0.0,0.0,3.3480493264250657,0.0,4.251366931398495,4.300714753367471,0.0,4.088747824195922,2.907616584018345,1.4503349776048253
user050,0.0,2.4,0.0,0.0,0.0,0.0,0.0,0.0,0.0,0.0,0.0,0.0,0.0,0.0,0.0,0.0,0.0,0.0,0.0,0.0,0.0,0.0,0.0,0.0,0.0,0.0,0.0,0.0,0.0,0.0,0.0,0.0,0.0,0.0,0.0,0.0,0.0,0.0,0.0,0.0,0.0,0.0,0.0,0.0,0.0,0.0,0.0,0.0,0.0,0.0,0.0,0.0,0.0,0.0,0.0,0.0,0.0,0.0,0.0,0.0,0.0,0.0,0.0,0.0,0.0,0.0,0.0,0.0,0.0,0.0,0.0,0.0,0.0,0.0,0.0,0.0,0.0,0.0,0.0,0.0,0.0,0.0,0.0,0.0,0.0,0.0,0.0,0.0,3.234153390151657,3.4280821383284383,2.3395474047978664,0.0,0.0,1.2308115175172136,0.0,0.0,0.0,1.3500308816987707,3.3850807554383566,4.749959613035308,0.0,3.8449831254799447,0.0,0.0,0.0,4.992304286990873,2.967521977113094,0.0,0.0,0.0
user051,0.0,0.0,0.0,0.0,0.0,0.0,0.0,0.0,0.0,0.0,0.0,0.0,0.0,0.0,0.0,0.0,0.0,0.0,0.0,0.0,0.0,0.0,0.0,0.0,0.0,0.0,0.0,0.0,0.0,0.0,0.0,0.0,0.0,0.0,0.0,0.0,0.0,0.0,0.0,0.0,0.0,0.0,0.0,0.0,0.0,0.0,0.0,0.0,0.0,0.0,0.0,0.0,0.0,0.0,0.0,0.0,0.0,0.0,0.0,0.0,0.0,0.0,0.0,0.0,0.0,0.0,0.0,0.0,0.0,0.0,0.0,0.0,0.0,0.0,0.0,0.0,0.0,0.0,0.0,0.0,0.0,0.0,0.0,1.6,0.0,1.4941906823089814,0.0,0.0,0.0,0.0,0.0,4.339289654497765,0.0,0.0,0.0,2.0743598735835587,0.0,2.8859500949983796,0.0,2.212705492973844,2.8053084915437787,0.0,0.0,4.331877349407478,2.664892180179741,0.0,4.442399674370483,0.0,0.0,0.0
user052,0.0,0.0,0.0,0.0,0.0,0.0,0.0,0.0,0.0,0.0,0.0,0.0,0.0,0.0,0.0,0.0,0.0,0.0,0.0,0.0,0.0,0.0,0.0,0.0,0.0,0.0,0.0,0.0,0.0,0.0,0.0,0.0,0.0,0.0,0.0,0.0,0.0,0.0,0.0,0.0,8.2,0.0,0.0,0.0,0.0,0.0,0.0,0.0,0.0,0.0,0.0,0.0,0.0,0.0,0.0,0.0,0.0,0.0,0.0,0.0,0.0,0.0,0.0,0.0,0.0,0.0,0.0,0.0,0.0,0.0,0.0,0.0,0.0,0.0,0.0,0.0,0.0,0.0,0.0,7.0,0.0,0.0,0.0,0.0,0.0,0.0,0.0,0.0,0.0,0.0,0.0,0.0,2.76363460623871,0.0,0.0,0.0,4.091659984819657,0.0,0.0,0.0,3.541496039723578,0.0,0.0,4.320207804545779,0.0,0.0,0.0,0.0,0.0,0.0
user053,0.0,0.0,0.0,0.0,0.0,0.0,0.0,0.0,0.0,0.0,0.0,0.0,0.0,0.0,0.0,0.0,0.0,0.0,0.0,0.0,0.0,0.0,0.0,0.0,0.0,0.0,0.0,0.0,0.0,0.0,0.0,0.0,0.0,0.0,0.0,0.0,0.0,0.0,0.0,0.0,0.0,0.0,0.0,0.0,0.0,0.0,0.0,0.0,0.0,0.0,0.0,0.0,0.0,9.0,0.0,0.0,0.0,0.0,0.0,0.0,0.0,0.0,0.0,0.0,0.0,0.0,0.0,0.0,0.0,0.0,0.0,0.0,0.0,0.0,0.0,0.0,0.0,0.0,0.0,0.0,0.0,0.0,0.0,0.0,0.0,0.0,2.7272577931238016,2.9998886690852262,0.0,0.0,0.0,0.0,3.339149256246304,0.0,3.9000085707871253,0.0,0.0,0.0,0.0,0.0,0.0,0.0,0.0,0.0,0.0,0.0,0.0,4.637661579923369,4.231466902239571,0.0
user054,0.0,0.0,0.0,0.0,0.0,0.0,0.0,0.0,0.0,0.0,0.0,2.6,0.0,0.0,0.0,0.0,0.0,0.0,0.0,0.0,0.0,0.0,0.0,0.0,0.0,0.0,0.0,0.0,0.0,0.0,0.0,0.0,0.0,0.0,0.0,0.0,0.0,0.0,0.0,0.0,0.0,0.0,0.0,0.0,0.0,0.0,0.0,0.0,0.0,0.0,0.0,0.0,0.0,0.0,0.0,0.0,0.0,0.0,0.0,0.0,0.0,0.0,0.0,0.0,0.0,0.0,0.0,0.0,0.0,0.0,0.0,0.0,0.0,0.0,0.0,0.0,0.0,0.0,0.0,0.0,0.0,0.0,0.0,0.0,0.0,0.0,1.6805241768751125,0.0,2.4639467836699445,0.0,0.0,0.0,1.1211877327006174,0.0,0.0,0.0,3.6383369811188078,0.0,4.052523813701107,0.0,4.211117763124897,0.0,0.0,0.0,0.0,4.470153354239992,0.0,0.0,0.0,0.0
user055,0.0,0.0,0.0,0.0,0.0,0.0,0.0,0.0,0.0,0.0,0.0,0.0,0.0,0.0,0.0,0.0,0.0,0.0,0.0,0.0,0.0,0.0,0.0,0.0,0.0,0.0,0.0,0.0,0.0,0.0,0.0,0.0,0.0,0.0,0.0,0.0,0.0,0.0,0.0,0.0,0.0,0.0,0.0,0.0,0.0,0.0,0.0,0.0,0.0,0.0,0.0,0.0,0.0,0.0,0.0,7.6,0.0,0.0,0.0,0.0,0.0,0.0,0.0,0.0,0.0,0.0,0.0,0.0,0.0,0.0,0.0,0.0,0.0,0.0,0.0,0.0,0.0,0.0,0.0,0.0,0.0,0.0,0.0,0.0,7.4,0.0,0.0,0.0,3.582086126019577,1.2977227937029712,4.094670477067488,4.317915926876843,2.0847186445203363,0.0,1.1310883372520273,4.109377344156412,1.0376028507812824,0.0,0.0,4.379587723774698,0.0,3.3853081436933437,0.0,0.0,4.701651692811769,0.0,0.0,0.0,0.0,0.0
user056,0.0,0.0,0.0,0.0,0.0,0.0,0.0,0.0,0.0,0.0,0.0,0.0,0.0,0.0,0.0,0.0,9.6,0.0,0.0,0.0,0.0,0.0,0.0,0.0,0.0,0.0,0.0,0.0,0.0,0.0,0.0,0.0,0.0,0.0,0.0,0.0,0.0,0.0,0.0,0.0,0.0,0.0,0.0,0.0,0.0,0.0,0.0,0.0,0.0,0.0,0.0,0.0,0.0,0.0,0.0,0.0,0.0,0.0,0.0,0.0,0.0,0.0,0.0,0.0,0.0,0.0,0.0,0.0,0.0,0.0,0.0,0.0,0.0,0.0,0.0,0.0,0.0,0.0,0.0,0.0,0.0,0.0,0.0,0.0,0.0,0.0,0.0,0.0,0.0,0.0,4.785543621163524,0.0,0.0,0.0,0.0,3.4420476928973303,4.41942631173351,0.0,0.0,0.0,1.988967748089474,2.539063160688892,0.0,0.0,0.0,0.0,1.06716572429033,3.039260084313767,3.577784877678027,0.0
user057,0.0,0.0,0.0,0.0,0.0,0.0,0.0,0.0,0.0,0.0,0.0,0.0,0.0,0.0,0.0,0.0,0.0,0.0,0.0,0.0,0.0,0.0,0.0,0.0,0.0,0.0,0.0,0.0,0.0,0.0,0.0,0.0,0.0,0.0,0.0,0.0,0.0,0.0,0.0,0.0,0.0,0.0,0.0,0.0,0.0,0.0,0.0,0.0,0.0,0.0,0.0,0.0,0.0,0.0,0.0,0.0,0.0,0.0,0.0,0.0,0.0,1.0,0.0,0.0,0.0,0.0,0.0,0.0,0.0,0.0,0.0,0.0,0.0,0.0,0.0,0.0,0.0,0.0,0.0,0.0,0.0,0.0,0.0,0.0,0.0,0.0,0.0,2.901654720044191,0.0,1.5844658248832628,0.0,0.0,0.0,0.0,0.0,0.0,1.554897999223567,2.2662835890035113,0.0,0.0,4.038652475505445,0.0,0.0,3.139192107537872,0.0,4.316959110852444,4.5956246568113865,4.909839830319416,0.0,0.0
user058,0.0,0.0,0.0,0.0,0.0,0.0,0.0,0.0,0.0,0.0,0.0,0.0,0.0,0.0,0.0,0.0,0.0,0.0,0.0,0.0,0.0,0.0,0.0,0.0,0.0,0.0,0.0,0.0,0.0,0.0,6.8,6.8,6.8,6.8,6.8,6.8,6.8,6.8,6.8,0.0,0.0,0.0,0.0,0.0,0.0,0.0,0.0,0.0,0.0,0.0,0.0,0.0,0.0,0.0,0.0,0.0,0.0,0.0,0.0,0.0,0.0,0.0,0.0,0.0,0.0,0.0,0.0,0.0,0.0,0.0,0.0,0.0,0.0,0.0,0.0,0.0,0.0,0.0,0.0,0.0,0.0,0.0,0.0,0.0,0.0,0.0,0.0,1.2241154084810422,0.0,4.742235296899631,0.0,2.66897587179181,0.0,1.8007304290765842,0.0,1.8366731150027293,0.0,0.0,0.0,0.0,0.0,0.0,0.0,4.240047961160897,0.0,3.787344238356166,0.0,3.8599152983278455,3.8442676610400612,0.0
user059,0.0,0.0,0.0,0.0,0.0,0.0,0.0,0.0,0.0,0.0,0.0,0.0,0.0,0.0,0.0,0.0,0.0,0.0,0.0,0.0,0.0,0.0,0.0,0.0,0.0,0.0,0.0,0.0,0.0,0.0,0.0,0.0,0.0,0.0,0.0,0.0,0.0,0.0,0.0,0.0,0.0,0.0,0.0,0.0,0.0,0.0,0.0,0.0,0.0,0.0,0.0,0.0,0.0,0.0,0.0,0.0,0.0,0.0,0.0,0.0,0.0,0.0,0.0,0.0,0.0,0.0,0.0,0.0,0.0,10.0,0.0,0.0,0.0,0.0,0.0,0.0,0.0,0.0,0.0,0.0,10.0,0.0,0.0,0.0,0.0,0.0,0.0,1.6914745671279343,0.0,1.7268088640629897,0.0,0.0,0.0,0.0,1.6642025668210736,0.0,3.4856976843358973,0.0,3.0464610992213688,0.0,1.953582229891976,4.303467167868956,0.0,4.924111207052809,0.0,0.0,1.470159484742667,0.0,3.409089905324115,0.0
user060,0.0,0.0,0.0,0.0,0.0,0.0,0.0,0.0,0.0,0.0,0.0,0.0,0.0,0.0,0.0,0.0,0.0,0.0,0.0,0.0,0.0,0.0,0.0,0.0,0.0,0.0,0.0,0.0,0.0,0.0,0.0,0.0,0.0,0.0,0.0,0.0,0.0,0.0,0.0,0.0,0.0,0.0,0.0,0.0,0.0,0.0,0.0,0.0,0.0,0.0,0.0,0.0,0.0,0.0,0.0,0.0,0.0,0.0,0.0,0.0,0.0,0.0,0.0,0.0,0.0,0.0,0.0,0.0,0.0,10.0,0.0,0.0,0.0,0.0,0.0,0.0,0.0,0.0,0.0,0.0,10.0,0.0,0.0,0.0,0.0,0.0,0.0,0.0,0.0,0.0,0.0,0.0,0.0,2.626323603620075,0.0,0.0,2.882727823779432,0.0,0.0,0.0,0.0,0.0,0.0,3.334292487437751,0.0,3.7002680599308726,0.0,0.0,4.468692293677696,1.0795847515922428
user061,0.0,0.0,0.0,0.0,0.0,0.0,0.0,0.0,0.0,0.0,0.0,0.0,0.0,0.0,0.0,0.0,0.0,0.0,0.0,0.0,0.0,0.0,0.0,0.0,0.0,0.0,0.0,0.0,0.0,0.0,0.0,0.0,0.0,0.0,0.0,0.0,0.0,0.0,0.0,0.0,0.0,0.0,0.0,0.0,0.0,0.0,0.0,0.0,0.0,0.0,0.0,0.0,0.0,0.0,0.0,7.0,0.0,0.0,0.0,0.0,0.0,0.0,0.0,0.0,0.0,0.0,0.0,0.0,0.0,0.0,0.0,0.0,8.0,0.0,0.0,0.0,0.0,0.0,0.0,0.0,0.0,0.0,0.0,0.0,0.0,0.0,0.0,0.0,4.870280564030079,0.0,0.0,1.3701033028307608,0.0,3.153282069492793,0.0,4.659882456189841,3.54168118596698,2.8901341317644014,0.0,0.0,0.0,0.0,4.266692722001979,0.0,3.6581713585222406,0.0,0.0,3.33973214845366,0.0,2.8617375285611693
user062,0.0,0.0,0.0,7.6,0.0,0.0,0.0,8.8,0.0,0.0,0.0,0.0,0.0,0.0,0.0,0.0,0.0,0.0,0.0,0.0,0.0,0.0,0.0,0.0,0.0,0.0,0.0,0.0,0.0,0.0,0.0,0.0,0.0,0.0,0.0,0.0,0.0,0.0,0.0,0.0,0.0,7.6,0.0,0.0,0.0,0.0,0.0,0.0,0.0,0.0,0.0,0.0,0.0,0.0,0.0,8.0,0.0,0.0,0.0,0.0,0.0,0.0,0.0,0.0,0.0,0.0,0.0,0.0,0.0,0.0,0.0,0.0,0.0,0.0,0.0,0.0,0.0,0.0,0.0,0.0,0.0,0.0,0.0,0.0,0.0,4.314170841716331,1.7757364624174086,0.0,0.0,0.0,2.696452737119412,0.0,2.5907738539574128,4.214400870655426,0.0,3.380718354656112,0.0,0.0,0.0,0.0,0.0,0.0,0.0,1.041364031958584,0.0,2.708631106433905,0.0,4.848411080526255,0.0,0.0
user063,0.0,0.0,0.0,0.0,7.8,0.0,0.0,0.0,0.0,0.0,0.0,0.0,0.0,0.0,0.0,0.0,0.0,0.0,0.0,0.0,0.0,0.0,0.0,0.0,0.0,0.0,0.0,0.0,0.0,0.0,0.0,0.0,0.0,0.0,0.0,0.0,0.0,0.0,0.0,0.0,0.0,0.0,0.0,0.0,0.0,0.0,0.0,0.0,0.0,0.0,0.0,0.0,0.0,0.0,0.0,0.0,0.0,0.0,0.0,0.0,0.0,0.0,0.0,0.0,0.0,0.0,0.0,0.0,0.0,0.0,0.0,4.0,0.0,0.0,0.0,0.0,0.0,0.0,0.0,0.0,0.0,0.0,0.0,0.0,0.0,1.787243623789203,0.0,0.0,0.0,0.0,0.0,0.0,4.766094049982056,2.76305740066866,0.0,1.7966426405258153,0.0,4.659273565190759,3.130901248437618,0.0,0.0,1.087999129837185,0.0,0.0,1.00904405447893,1.8620160730362687,0.0,0.0,0.0,0.0
user064,0.0,0.0,0.0,0.0,0.0,0.0,0.0,0.0,0.0,0.0,0.0,0.0,0.0,0.0,0.0,0.0,0.0,0.0,0.0,8.6,0.0,0.0,0.0,0.0,0.0,0.0,0.0,0.0,0.0,0.0,0.0,0.0,0.0,0.0,0.0,0.0,0.0,0.0,0.0,0.0,0.0,0.0,0.0,0.0,0.0,0.0,0.0,0.0,0.0,0.0,0.0,0.0,0.0,0.0,0.0,0.0,0.0,0.0,0.0,0.0,0.0,0.0,0.0,0.0,0.0,0.0,0.0,0.0,0.0,0.0,0.0,0.0,0.0,7.2,0.0,0.0,0.0,0.0,0.0,0.0,0.0,0.0,0.0,0.0,0.0,0.0,0.0,1.255622593174213,1.376035055844175,0.0,0.0,3.1586690565150692,0.0,0.0,1.0157334175434367,3.7944822244237684,0.0,0.0,0.0,1.778966622238599,2.182618546392965,0.0,1.6350542564126802,1.5239014785184395,3.6424527403499263,0.0,0.0,0.0,4.0751549256620105,0.0
user065,0.0,0.0,0.0,0.0,0.0,0.0,0.0,0.0,0.0,0.0,0.0,0.0,0.0,0.0,0.0,0.0,0.0,0.0,0.0,0.0,0.0,0.0,0.0,0.0,0.0,0.0,0.0,0.0,0.0,0.0,0.0,0.0,0.0,0.0,0.0,0.0,0.0,0.0,0.0,0.0,0.0,0.0,0.0,0.0,0.0,0.0,0.0,0.0,0.0,0.0,0.0,0.0,0.0,0.0,0.0,0.0,0.0,0.0,0.0,0.0,0.0,0.0,0.0,0.0,0.0,0.0,0.0,0.0,0.0,0.0,0.0,0.0,0.0,0.0,0.0,0.0,0.0,0.0,0.0,0.0,10.0,0.0,0.0,0.0,0.0,1.3423588370043245,0.0,0.0,3.634884022825226,0.0,1.7187129905033292,4.110521810164572,0.0,0.0,0.0,1.8199654817744473,0.0,0.0,0.0,0.0,0.0,4.742201444747693,4.33698274718886,0.0,0.0,0.0,4.080434978432786,3.9256077098541233,4.157954183660973,4.391875238173087
user066,0.0,0.0,0.0,0.0,0.0,0.0,0.0,0.0,0.0,0.0,0.0,0.0,0.0,0.0,0.0,0.0,0.0,0.0,0.0,0.0,3.6,0.0,0.0,0.0,0.0,0.0,0.0,0.0,0.0,0.0,0.0,0.0,0.0,0.0,0.0,0.0,0.0,0.0,0.0,0.0,0.0,0.0,0.0,0.0,0.0,0.0,0.0,0.0,0.0,0.0,0.0,0.0,0.0,0.0,0.0,0.0,0.0,0.0,0.0,0.0,0.0,3.8,0.0,0.0,0.0,0.0,0.0,0.0,0.0,0.0,0.0,0.0,0.0,0.0,0.0,0.0,0.0,0.0,0.0,0.0,0.0,0.0,0.0,0.0,0.0,0.0,0.0,3.2011086215759534,1.6712653358711642,0.0,0.0,1.1818867198194671,0.0,4.333761690116445,0.0,4.671276164950194,2.193124846212602,4.704174978540583,0.0,2.039129088650114,0.0,0.0,0.0,0.0,0.0,0.0,4.425767497879173,0.0,0.0,3.3469619837110627
user067,0.0,0.0,0.0,0.0,0.0,0.0,0.0,0.0,0.0,0.0,0.0,0.0,0.0,0.0,0.0,0.0,9.4,0.0,0.0,0.0,0.0,0.0,0.0,0.0,0.0,0.0,0.0,0.0,0.0,0.0,0.0,0.0,0.0,0.0,0.0,0.0,0.0,0.0,0.0,0.0,0.0,0.0,0.0,0.0,0.0,0.0,0.0,0.0,0.0,0.0,0.0,0.0,0.0,0.0,0.0,0.0,0.0,0.0,0.0,0.0,0.0,0.0,0.0,0.0,0.0,0.0,0.0,0.0,0.0,0.0,0.0,0.0,0.0,0.0,0.0,0.0,0.0,0.0,0.0,0.0,0.0,0.0,0.0,0.0,0.0,0.0,3.901331523092984,2.920734596017701,3.004233042260625,0.0,0.0,0.0,0.0,1.2490326085300718,0.0,0.0,0.0,3.2419119776931895,0.0,4.61996093246855,0.0,1.2944976142744138,0.0,0.0,4.717077237084325,0.0,0.0,0.0,4.358997913246863,0.0
user068,0.0,0.0,0.0,0.0,0.0,0.0,0.0,0.0,0.0,8.0,0.0,0.0,0.0,0.0,0.0,0.0,0.0,0.0,0.0,0.0,0.0,0.0,0.0,0.0,0.0,0.0,0.0,0.0,0.0,0.0,0.0,0.0,0.0,0.0,0.0,0.0,0.0,0.0,0.0,7.6,0.0,0.0,0.0,0.0,0.0,0.0,0.0,0.0,0.0,0.0,0.0,0.0,0.0,0.0,0.0,0.0,0.0,0.0,0.0,0.0,0.0,0.0,0.0,0.0,0.0,0.0,0.0,0.0,0.0,0.0,0.0,0.0,0.0,8.0,0.0,0.0,0.0,0.0,0.0,0.0,0.0,0.0,0.0,0.0,0.0,2.666506822912026,4.710195358450829,0.0,3.7403142805045295,0.0,0.0,4.8554415939996876,0.0,3.285316015100295,0.0,4.973320530322932,0.0,0.0,0.0,1.4661290381395689,0.0,3.8398992987118734,0.0,4.666595744052891,4.288135673306165,0.0,0.0,0.0,0.0,3.6320662136977293
user069,0.0,0.0,0.0,0.0,0.0,0.0,0.0,0.0,0.0,0.0,0.0,0.0,0.0,0.0,0.0,0.0,0.0,0.0,0.0,0.0,0.0,0.0,0.0,0.0,0.0,0.0,7.4,0.0,0.0,0.0,0.0,0.0,0.0,0.0,0.0,0.0,0.0,0.0,0.0,0.0,0.0,0.0,0.0,0.0,0.0,0.0,0.0,0.0,0.0,0.0,0.0,0.0,0.0,0.0,0.0,0.0,0.0,0.0,0.0,0.0,0.0,0.0,0.0,0.0,0.0,0.0,0.0,0.0,0.0,0.0,0.0,0.0,0.0,0.0,0.0,0.0,0.0,0.0,0.0,0.0,0.0,0.0,0.0,0.0,0.0,0.0,0.0,0.0,0.0,1.2407598149752403,0.0,1.9308988962130238,3.9851441341135003,0.0,3.324065287315884,0.0,1.48910681141087,0.0,0.0,3.0790824877957808,1.9246554165437253,0.0,0.0,0.0,0.0,1.7733855466868347,1.5334556187587536,1.7360722932426742,0.0,0.0
user070,0.0,0.0,0.0,0.0,0.0,0.0,0.0,0.0,0.0,0.0,0.0,0.0,0.0,0.0,0.0,0.0,0.0,0.0,0.0,0.0,0.0,0.0,0.0,0.0,0.0,0.0,0.0,0.0,0.0,0.0,6.6,6.6,6.6,6.6,6.6,6.6,6.6,6.6,6.6,0.0,0.0,0.0,0.0,0.0,0.0,0.0,0.0,0.0,0.0,0.0,0.0,0.0,0.0,0.0,0.0,0.0,0.0,0.0,0.0,0.0,0.0,0.0,0.0,0.0,0.0,0.0,0.0,0.0,0.0,0.0,0.0,0.0,0.0,0.0,0.0,0.0,0.0,0.0,0.0,0.0,0.0,0.0,0.0,0.0,0.0,1.7435291091420604,0.0,2.162606350835092,4.878548157169204,4.473336403514205,2.8907436296252667,0.0,1.5717546027017169,0.0,0.0,3.0279008679764092,2.599551954127856,0.0,0.0,0.0,0.0,0.0,0.0,1.558324974816061,3.394627906394731,0.0,0.0,0.0,3.341989524558928,2.3966495673922354
user071,0.0,0.0,0.0,0.0,0.0,0.0,0.0,0.0,0.0,0.0,0.0,0.0,0.0,0.0,0.0,0.0,0.0,0.0,0.0,0.0,0.0,0.0,0.0,0.0,0.0,0.0,0.0,0.0,0.0,0.0,0.0,0.0,0.0,0.0,0.0,0.0,0.0,0.0,0.0,0.0,0.0,0.0,0.0,0.0,0.0,0.0,0.0,0.0,0.0,0.0,0.0,0.0,0.0,0.0,0.0,0.0,0.0,0.0,0.0,0.0,0.0,0.0,0.0,0.0,0.0,0.0,0.0,0.0,0.0,0.0,0.0,0.0,0.0,0.0,0.0,0.0,0.0,0.0,9.2,0.0,0.0,0.0,0.0,0.0,0.0,3.308997510769168,4.244324674902354,0.0,0.0,0.0,4.073414703071209,4.793761491341833,0.0,0.0,0.0,2.2014258261712576,0.0,1.7311362120633462,0.0,0.0,3.216363451775934,0.0,2.180614125104579,0.0,1.7462068952232643,0.0,0.0,3.7818721533063964,0.0,0.0
user072,0.0,0.0,0.0,7.0,0.0,0.0,0.0,0.0,0.0,0.0,0.0,0.0,0.0,0.0,0.0,0.0,0.0,0.0,0.0,0.0,0.0,0.0,7.6,0.0,0.0,0.0,0.0,0.0,0.0,0.0,0.0,0.0,0.0,0.0,0.0,0.0,0.0,0.0,0.0,0.0,0.0,0.0,0.0,0.0,0.0,0.0,0.0,0.0,0.0,0.0,0.0,0.0,0.0,0.0,0.0,0.0,0.0,0.0,0.0,0.0,0.0,0.0,0.0,0.0,0.0,0.0,0.0,0.0,0.0,0.0,0.0,0.0,0.0,0.0,0.0,0.0,0.0,0.0,0.0,0.0,0.0,0.0,0.0,0.0,0.0,0.0,0.0,4.0961006489156535,0.0,0.0,0.0,2.6138915268540828,4.3457874196449,0.0,0.0,0.0,0.0,0.0,2.2084757300793,1.2886440597892506,1.179572565342518,0.0,0.0,4.579864340053907,1.1941989380389435,0.0,0.0,4.359055568231726,0.0,4.5377695790870005
user073,0.0,0.0,0.0,0.0,0.0,0.0,0.0,0.0,0.0,0.0,0.0,0.0,0.0,0.0,0.0,0.0,0.0,0.0,0.0,0.0,0.0,0.0,0.0,0.0,0.0,0.0,0.0,0.0,0.0,0.0,7.8,7.8,7.8,7.8,7.8,7.8,7.8,7.8,7.8,0.0,0.0,0.0,0.0,0.0,0.0,0.0,0.0,0.0,0.0,0.0,0.0,0.0,0.0,0.0,0.0,0.0,0.0,0.0,0.0,0.0,0.0,0.0,0.0,0.0,0.0,0.0,0.0,0.0,0.0,0.0,0.0,0.0,0.0,0.0,0.0,0.0,0.0,0.0,0.0,0.0,0.0,0.0,0.0,0.0,0.0,0.0,2.51154585100529,0.0,0.0,1.3086395637376214,4.363330435289178,0.0,1.5772820402361978,3.2149430262710887,1.5551842386525312,2.256553079708963,0.0,0.0,0.0,0.0,0.0,4.764270663369473,4.869051656653218,3.819360407918343,0.0,3.526288497053198,0.0,1.3061887341280358,0.0,0.0
user074,0.0,0.0,0.0,0.0,0.0,0.0,0.0,0.0,0.0,0.0,0.0,0.0,0.0,0.0,0.0,5.0,0.0,0.0,0.0,0.0,0.0,0.0,0.0,0.0,0.0,0.0,0.0,0.0,0.0,0.0,0.0,0.0,0.0,0.0,0.0,0.0,0.0,0.0,0.0,0.0,0.0,0.0,5.0,0.0,0.0,0.0,0.0,0.0,0.0,0.0,0.0,0.0,0.0,0.0,0.0,0.0,0.0,0.0,0.0,0.0,0.0,0.0,0.0,0.0,0.0,0.0,0.0,0.0,0.0,0.0,0.0,0.0,0.0,0.0,0.0,0.0,0.0,0.0,0.0,0.0,0.0,0.0,0.0,0.0,0.0,0.0,1.5814629003898801,2.799878299462188,0.0,0.0,0.0,0.0,0.0,0.0,0.0,0.0,2.6989905303749198,0.0,0.0,0.0,3.5309962654869635,0.0,0.0,3.30860141563965,2.3497727990541177,2.0819350416695963,0.0,0.0,0.0,0.0
user075,0.0,0.0,0.0,0.0,0.0,0.0,0.0,0.0,0.0,0.0,0.0,0.0,4.4,0.0,0.0,0.0,0.0,0.0,0.0,0.0,0.0,0.0,0.0,0.0,0.0,0.0,0.0,0.0,0.0,0.0,0.0,0.0,0.0,0.0,0.0,0.0,0.0,0.0,0.0,0.0,0.0,0.0,0.0,0.0,0.0,0.0,0.0,0.0,0.0,0.0,0.0,0.0,0.0,0.0,0.0,0.0,0.0,0.0,0.0,0.0,0.0,0.0,0.0,0.0,0.0,0.0,0.0,0.0,0.0,0.0,0.0,0.0,0.0,0.0,0.0,0.0,0.0,0.0,0.0,0.0,0.0,0.0,0.0,0.0,0.0,0.0,2.849979457661161,0.0,2.0272879570840767,3.9427295248899323,3.828789591346986,1.9619523174467064,0.0,0.0,0.0,0.0,4.648999468823751,0.0,0.0,0.0,0.0,0.0,1.6591184505712921,0.0,3.8939917457801743,1.543867348492531,0.0,0.0,0.0,0.0
user076,0.0,0.0,0.0,0.0,0.0,0.0,0.0,0.0,0.0,0.0,0.0,0.0,0.0,10.0,0.0,0.0,0.0,0.0,0.0,0.0,0.0,0.0,0.0,0.0,0.0,0.0,0.0,0.0,0.0,0.0,0.0,0.0,0.0,0.0,0.0,0.0,0.0,0.0,0.0,0.0,0.0,0.0,0.0,0.0,0.0,0.0,0.0,0.0,0.0,0.0,0.0,0.0,0.0,0.0,0.0,0.0,0.0,0.0,0.0,0.0,0.0,0.0,0.0,0.0,0.0,0.0,0.0,0.0,0.0,0.0,0.0,0.0,0.0,0.0,0.0,0.0,0.0,0.0,0.0,0.0,0.0,0.0,0.0,0.0,0.0,0.0,0.0,0.0,0.0,0.0,0.0,3.6855065393331334,4.373289281300201,0.0,0.0,0.0,0.0,1.4003521894082431,2.900113132206098,0.0,0.0,0.0,0.0,2.0325233446667554,0.0,4.288925948068037,0.0,0.0,0.0,4.41732665213331
user077,5.6,7.0,0.0,0.0,6.6,0.0,0.0,0.0,0.0,0.0,0.0,0.0,0.0,0.0,0.0,0.0,0.0,0.0,0.0,0.0,0.0,0.0,0.0,0.0,0.0,0.0,0.0,0.0,7.6,0.0,0.0,0.0,0.0,0.0,0.0,0.0,0.0,0.0,0.0,0.0,0.0,0.0,0.0,0.0,0.0,0.0,0.0,0.0,0.0,0.0,0.0,0.0,0.0,0.0,0.0,0.0,7.0,0.0,0.0,0.0,0.0,0.0,0.0,0.0,0.0,0.0,0.0,0.0,0.0,0.0,0.0,0.0,0.0,0.0,0.0,0.0,0.0,0.0,0.0,0.0,0.0,0.0,0.0,0.0,0.0,3.9547481221494762,3.9806523689690456,0.0,0.0,0.0,0.0,0.0,0.0,1.5283743003922985,0.0,2.009661473003153,4.548919516211266,0.0,0.0,4.579396547106719,1.0224638140952775,0.0,0.0,0.0,0.0,0.0,0.0,3.3256692184356615,4.6989886244977175,0.0
user078,0.0,0.0,0.0,0.0,0.0,0.0,0.0,0.0,0.0,0.0,0.0,0.0,0.0,0.0,0.0,5.0,0.0,0.0,0.0,0.0,0.0,0.0,0.0,0.0,0.0,0.0,0.0,0.0,0.0,0.0,0.0,0.0,0.0,0.0,0.0,0.0,0.0,0.0,0.0,0.0,0.0,0.0,5.2,0.0,0.0,0.0,0.0,0.0,0.0,0.0,0.0,0.0,0.0,0.0,0.0,0.0,0.0,0.0,0.0,0.0,0.0,0.0,0.0,0.0,0.0,0.0,0.0,0.0,0.0,0.0,0.0,0.0,0.0,0.0,0.0,0.0,0.0,0.0,0.0,0.0,0.0,0.0,0.0,0.0,0.0,4.157875867163732,3.7126076319507866,0.0,0.0,4.957459474826356,0.0,0.0,1.643231851388196,0.0,0.0,0.0,0.0,0.0,4.959404540380819,1.2798457485852146,0.0,4.966772325617444,0.0,2.2766793097296416,0.0,4.358827145618515,0.0,4.2226927391985205,3.161463480069464,0.0
user079,0.0,0.0,0.0,0.0,0.0,0.0,0.0,0.0,0.0,0.0,0.0,0.0,0.0,0.0,0.0,5.8,0.0,0.0,0.0,0.0,0.0,0.0,0.0,0.0,0.0,0.0,0.0,0.0,0.0,0.0,0.0,0.0,0.0,0.0,0.0,0.0,0.0,0.0,0.0,0.0,0.0,0.0,5.0,0.0,0.0,0.0,0.0,0.0,0.0,0.0,0.0,0.0,0.0,0.0,0.0,0.0,0.0,0.0,0.0,0.0,0.0,0.0,0.0,0.0,0.0,0.0,0.0,0.0,0.0,0.0,0.0,0.0,0.0,0.0,0.0,0.0,0.0,0.0,0.0,0.0,0.0,0.0,0.0,0.0,0.0,3.172191327096874,3.596330002465498,0.0,4.290100118795443,2.3520843806793468,4.447965733173916,0.0,0.0,1.9777613317951497,0.0,0.0,3.54171014389755,2.522211376184444,3.262625076821681,0.0,0.0,0.0,0.0,0.0,0.0,1.6590317728233726,3.366164444499285,4.072454736405961,4.881589121085021,0.0
user080,0.0,0.0,0.0,0.0,0.0,0.0,0.0,0.0,0.0,0.0,0.0,0.0,0.0,0.0,0.0,0.0,0.0,0.0,0.0,0.0,0.0,0.0,0.0,0.0,0.0,0.0,0.0,0.0,0.0,0.0,4.8,4.8,4.8,4.8,4.8,4.8,4.8,4.8,4.8,0.0,0.0,0.0,0.0,0.0,0.0,0.0,0.0,0.0,0.0,0.0,0.0,0.0,0.0,0.0,0.0,0.0,0.0,0.0,0.0,0.0,0.0,0.0,0.0,0.0,0.0,0.0,0.0,0.0,0.0,0.0,0.0,0.0,0.0,0.0,0.0,0.0,0.0,0.0,0.0,0.0,0.0,0.0,0.0,0.0,0.0,0.0,0.0,1.8969935969984388,1.6251804943297925,0.0,0.0,0.0,0.0,3.472590862759129,0.0,0.0,0.0,0.0,0.0,0.0,3.3027013949095734,0.0,0.0,0.0,0.0,0.0,1.314374902268555,0.0,0.0,0.0
user081,0.0,0.0,0.0,0.0,0.0,7.6,0.0,0.0,0.0,0.0,0.0,0.0,0.0,0.0,0.0,0.0,0.0,0.0,0.0,0.0,0.0,0.0,0.0,0.0,0.0,0.0,0.0,0.0,0.0,0.0,0.0,0.0,0.0,0.0,0.0,0.0,0.0,0.0,0.0,0.0,0.0,0.0,0.0,0.0,0.0,0.0,0.0,0.0,0.0,0.0,0.0,0.0,0.0,0.0,0.0,0.0,0.0,0.0,0.0,0.0,0.0,0.0,0.0,0.0,0.0,0.0,0.0,0.0,0.0,0.0,0.0,0.0,0.0,0.0,0.0,0.0,0.0,0.0,0.0,0.0,0.0,0.0,0.0,0.0,0.0,0.0,0.0,3.3363975666945023,2.9424336082617186,0.0,1.8354939944904851,1.7028270547821625,0.0,0.0,3.645567358637622,4.949857493141208,4.632336986498762,2.8089526433770184,4.889860530066587,2.5025313025355462,0.0,0.0,1.5801673409072339,0.0,4.215861068148673,1.4544928426249384,2.995361559388908,0.0,2.6576722491179896,0.0
user082,0.0,0.0,0.0,0.0,0.0,0.0,0.0,0.0,0.0,0.0,0.0,0.0,0.0,0.0,0.0,0.0,0.0,0.0,0.0,0.0,0.0,0.0,0.0,0.0,0.0,0.0,0.0,0.0,0.0,2.0,2.0,2.0,2.0,2.0,2.0,2.0,2.0,2.0,2.0,0.0,0.0,0.0,0.0,0.0,0.0,0.0,0.0,0.0,0.0,0.0,0.0,0.0,0.0,0.0,0.0,0.0,0.0,0.0,0.0,0.0,0.0,0.0,0.0,0.0,0.0,0.0,0.0,0.0,0.0,0.0,0.0,0.0,0.0,0.0,0.0,0.0,0.0,0.0,0.0,0.0,0.0,0.0,0.0,0.0,0.0,1.7931111814915743,0.0,2.03401811817053,1.2049441199729745,0.0,2.2460531992920125,0.0,2.7143946386220463,4.053663599435058,1.1638367360825987,2.363145370580356,0.0,0.0,0.0,0.0,0.0,0.0,0.0,4.446802155735519,0.0,0.0,4.476462456328763,4.108777955141833,0.0,0.0
user083,0.0,0.0,0.0,0.0,0.0,0.0,0.0,0.0,0.0,0.0,0.0,0.0,0.0,0.0,0.0,0.0,0.0,0.0,1.0,0.0,0.0,0.0,0.0,0.0,0.0,0.0,0.0,0.0,0.0,0.0,0.0,0.0,0.0,0.0,0.0,0.0,0.0,0.0,0.0,0.0,0.0,0.0,0.0,0.0,0.0,0.0,0.0,0.0,0.0,0.0,0.0,0.0,0.0,0.0,0.0,0.0,0.0,0.0,0.0,1.0,0.0,0.0,0.0,0.0,0.0,0.0,0.0,0.0,0.0,0.0,0.0,0.0,0.0,0.0,0.0,0.0,7.6,0.0,0.0,0.0,0.0,0.0,0.0,0.0,0.0,0.0,2.274325015849761,0.0,4.947929365007355,2.7530915743589133,2.626623692054143,1.8812586813156527,4.83142983734578,0.0,4.413430441377427,1.5568911095290305,0.0,3.537155201845392,1.032451670865091,2.517063253737629,0.0,0.0,0.0,0.0,0.0,2.2915420707012206,1.2517693915121986,0.0,4.294391083458102,4.275668289424467
user084,0.0,0.0,0.0,0.0,0.0,0.0,0.0,0.0,0.0,0.0,0.0,0.0,0.0,0.0,0.0,0.0,0.0,0.0,0.0,0.0,0.0,0.0,0.0,0.0,0.0,0.0,0.0,0.0,0.0,0.0,0.0,0.0,0.0,0.0,0.0,0.0,0.0,0.0,0.0,0.0,0.0,0.0,0.0,0.0,0.0,0.0,0.0,0.0,0.0,0.0,0.0,0.0,0.0,0.0,0.0,0.0,2.6,0.0,0.0,0.0,0.0,0.0,0.0,0.0,0.0,0.0,0.0,0.0,0.0,0.0,0.0,0.0,0.0,0.0,0.0,0.0,0.0,0.0,0.0,0.0,0.0,0.0,0.0,0.0,0.0,0.0,1.458208442409859,2.9305544365047878,0.0,0.0,0.0,4.38187046952957,0.0,2.8319178492437604,0.0,0.0,3.4274895096208384,0.0,2.4378718262940375,0.0,0.0,4.283918471395641,0.0,4.388619048509653,0.0,0.0,0.0,0.0,0.0,3.830359776420293
user085,0.0,0.0,0.0,0.0,0.0,0.0,0.0,0.0,0.0,0.0,0.0,0.0,0.0,0.0,0.0,0.0,0.0,0.0,0.0,0.0,0.0,0.0,0.0,0.0,0.0,0.0,0.0,0.0,0.0,0.0,0.0,0.0,0.0,0.0,0.0,0.0,0.0,0.0,0.0,0.0,0.0,0.0,0.0,0.0,0.0,0.0,0.0,0.0,0.0,0.0,0.0,0.0,0.0,0.0,0.0,0.0,0.0,0.0,0.0,0.0,0.0,0.0,9.0,0.0,0.0,0.0,0.0,0.0,0.0,0.0,0.0,0.0,0.0,0.0,0.0,0.0,0.0,0.0,0.0,0.0,0.0,0.0,0.0,0.0,0.0,4.115571151386876,0.0,0.0,0.0,0.0,0.0,0.0,1.6930596709385677,0.0,0.0,2.1537388145363257,1.485824107485454,1.5745029773671448,0.0,4.243070627957212,0.0,0.0,4.161310012765238,1.4330225800313618,2.5121823064132744,0.0,3.8903235008401023,0.0,0.0,1.882417612710857
user086,0.0,0.0,0.0,0.0,0.0,0.0,0.0,0.0,0.0,0.0,0.0,0.0,0.0,0.0,0.0,0.0,0.0,0.0,0.0,0.0,0.0,0.0,0.0,8.2,0.0,0.0,0.0,0.0,0.0,0.0,0.0,0.0,0.0,0.0,0.0,0.0,0.0,0.0,0.0,0.0,0.0,0.0,0.0,0.0,0.0,0.0,0.0,0.0,0.0,0.0,0.0,0.0,0.0,0.0,0.0,0.0,0.0,0.0,7.6,0.0,0.0,0.0,0.0,0.0,0.0,0.0,0.0,0.0,0.0,0.0,0.0,0.0,0.0,0.0,0.0,0.0,0.0,0.0,0.0,0.0,0.0,0.0,0.0,0.0,0.0,2.297247948993879,0.0,0.0,0.0,1.6714414418130068,4.813769598528807,0.0,0.0,3.7249036584495507,0.0,0.0,1.3920894606910408,0.0,0.0,0.0,0.0,0.0,0.0,0.0,0.0,1.2712945235631845,0.0,0.0,0.0,3.912293154564221
user087,0.0,0.0,0.0,0.0,0.0,0.0,0.0,0.0,0.0,0.0,0.0,0.0,0.0,0.0,0.0,0.0,0.0,0.0,0.0,0.0,0.0,0.0,0.0,0.0,0.0,0.0,0.0,0.0,0.0,0.0,0.0,0.0,0.0,0.0,0.0,0.0,0.0,0.0,0.0,0.0,0.0,0.0,0.0,0.0,0.0,0.0,0.0,0.0,0.0,0.0,0.0,0.0,0.0,0.0,0.0,0.0,0.0,0.0,0.0,0.0,0.0,0.0,0.0,0.0,0.0,0.0,0.0,0.0,0.0,0.0,0.0,0.0,8.4,0.0,0.0,0.0,0.0,0.0,0.0,0.0,0.0,0.0,0.0,0.0,0.0,1.2584754903661488,0.0,0.0,0.0,0.0,0.0,0.0,2.8066978761213357,0.0,0.0,0.0,2.4799230425769268,0.0,0.0,0.0,0.0,2.7920823630844738,4.7707972550244415,1.6774436814025746,0.0,0.0,0.0,0.0,0.0,3.5574010653245765
user088,0.0,0.0,0.0,0.0,0.0,0.0,0.0,0.0,0.0,0.0,0.0,0.0,0.0,0.0,0.0,0.0,0.0,0.0,0.0,0.0,0.0,0.0,0.0,0.0,0.0,0.0,0.0,0.0,0.0,0.0,0.0,0.0,0.0,0.0,0.0,0.0,0.0,0.0,0.0,0.0,0.0,0.0,0.0,0.0,0.0,0.0,0.0,0.0,0.0,0.0,0.0,0.0,0.0,0.0,0.0,0.0,0.0,0.0,0.0,0.0,0.0,0.0,0.0,0.0,0.0,0.0,0.0,0.0,0.0,10.0,0.0,0.0,0.0,0.0,0.0,0.0,0.0,0.0,0.0,0.0,0.0,0.0,0.0,0.0,0.0,3.6015576427735057,4.931202895683738,3.1562900023179226,0.0,0.0,0.0,0.0,1.0653993495698733,4.147909141489601,0.0,0.0,3.5149616143066216,0.0,0.0,2.2169948029772453,0.0,0.0,4.05223537841632,4.196043852020281,0.0,1.8331601077586215,0.0,0.0,0.0,0.0
user089,0.0,0.0,0.0,0.0,0.0,0.0,0.0,0.0,0.0,0.0,0.0,0.0,0.0,0.0,0.0,0.0,0.0,0.0,0.0,0.0,0.0,0.0,0.0,0.0,0.0,0.0,0.0,0.0,0.0,3.6,3.6,3.6,3.6,3.6,3.6,3.6,3.6,3.6,3.6,0.0,0.0,0.0,0.0,0.0,0.0,0.0,0.0,0.0,0.0,0.0,0.0,0.0,0.0,0.0,0.0,0.0,0.0,0.0,0.0,0.0,0.0,0.0,0.0,0.0,10.0,0.0,0.0,0.0,0.0,0.0,0.0,0.0,0.0,0.0,0.0,0.0,0.0,0.0,0.0,0.0,0.0,0.0,0.0,0.0,0.0,1.7803566609926893,1.1633293963466556,4.4742254965430925,0.0,0.0,0.0,0.0,0.0,3.7594302756450926,2.8865813830780285,0.0,4.628808995906782,0.0,0.0,0.0,4.215858317766928,0.0,3.059140348900332,0.0,0.0,0.0,2.085544060975451,0.0,0.0,4.672712822256614
user090,0.0,0.0,0.0,0.0,0.0,0.0,0.0,0.0,0.0,0.0,0.0,0.0,0.0,0.0,0.0,0.0,0.0,0.0,0.0,0.0,0.0,0.0,0.0,8.4,0.0,0.0,0.0,0.0,0.0,0.0,0.0,0.0,0.0,0.0,0.0,0.0,0.0,0.0,0.0,0.0,0.0,0.0,0.0,0.0,0.0,0.0,0.0,0.0,0.0,0.0,0.0,0.0,0.0,0.0,0.0,0.0,0.0,0.0,0.0,0.0,0.0,0.0,0.0,0.0,0.0,0.0,0.0,0.0,0.0,0.0,0.0,0.0,0.0,0.0,0.0,0.0,0.0,0.0,0.0,0.0,0.0,0.0,0.0,0.0,0.0,0.0,0.0,0.0,0.0,0.0,0.0,3.557828119197096,0.0,1.699736945595581,4.304715875591187,0.0,1.782501044386915,2.6021482377896246,1.8989789761404992,0.0,0.0,0.0,2.68093314696634,1.0711067246748058,3.670931095510272,1.8149846305920283,0.0,0.0,0.0,0.0
user091,0.0,0.0,0.0,0.0,0.0,0.0,0.0,0.0,0.0,0.0,0.0,0.0,0.0,0.0,0.0,0.0,0.0,0.0,0.0,0.0,0.0,0.0,0.0,0.0,0.0,0.0,0.0,0.0,0.0,0.0,0.0,0.0,0.0,0.0,0.0,0.0,0.0,0.0,0.0,0.0,0.0,0.0,0.0,0.0,0.0,0.0,0.0,0.0,0.0,0.0,0.0,0.0,0.0,0.0,0.0,0.0,0.0,0.0,0.0,0.0,0.0,0.0,0.0,0.0,5.0,0.0,0.0,0.0,0.0,0.0,0.0,0.0,0.0,0.0,0.0,0.0,0.0,0.0,0.0,0.0,0.0,0.0,0.0,0.0,0.0,0.0,3.188646615613326,1.7813277777631802,0.0,0.0,4.317191151727283,0.0,0.0,0.0,0.0,0.0,0.0,0.0,1.6774806071216668,0.0,0.0,0.0,4.7969306952420965,0.0,0.0,2.8105274879314623,4.923592489242276,3.207593530456575,0.0,0.0
user092,0.0,0.0,0.0,0.0,0.0,0.0,0.0,0.0,0.0,0.0,0.0,0.0,0.0,0.0,0.0,0.0,0.0,0.0,0.0,0.0,4.0,0.0,0.0,0.0,0.0,0.0,0.0,0.0,0.0,0.0,6.0,6.0,6.0,6.0,6.0,6.0,6.0,6.0,6.0,0.0,0.0,0.0,0.0,0.0,0.0,0.0,0.0,0.0,0.0,0.0,0.0,0.0,0.0,0.0,0.0,0.0,0.0,0.0,0.0,0.0,0.0,0.0,0.0,0.0,0.0,0.0,0.0,0.0,0.0,0.0,0.0,0.0,0.0,0.0,0.0,0.0,0.0,0.0,0.0,0.0,0.0,0.0,0.0,0.0,0.0,0.0,0.0,0.0,0.0,0.0,0.0,4.264999623064008,0.0,2.3958588270187593,3.5994622237230742,0.0,0.0,0.0,4.483044046065475,0.0,4.186860119812045,0.0,0.0,0.0,0.0,0.0,0.0,2.0442094858158066,4.71237776156712,0.0
user093,0.0,0.0,0.0,0.0,0.0,0.0,0.0,0.0,0.0,0.0,0.0,0.0,0.0,0.0,0.0,0.0,0.0,0.0,0.0,0.0,0.0,0.0,0.0,0.0,0.0,0.0,0.0,0.0,0.0,0.0,0.0,0.0,0.0,0.0,0.0,0.0,0.0,0.0,0.0,0.0,0.0,0.0,0.0,0.0,0.0,0.0,0.0,0.0,0.0,0.0,0.0,5.2,0.0,0.0,0.0,0.0,0.0,0.0,0.0,0.0,0.0,0.0,0.0,0.0,0.0,0.0,0.0,0.0,0.0,0.0,0.0,7.2,0.0,0.0,0.0,0.0,0.0,0.0,0.0,0.0,0.0,0.0,0.0,8.4,0.0,3.31378831265938,2.422585630449953,0.0,0.0,2.5897713118221812,0.0,4.753940532737639,1.7159795431386797,0.0,1.846610767842237,4.530538546575382,0.0,0.0,4.017598251377726,0.0,4.220704255844497,4.901053912871994,0.0,0.0,0.0,4.455134529670933,0.0,0.0,0.0,0.0
user094,0.0,0.0,6.0,0.0,0.0,0.0,0.0,0.0,0.0,0.0,0.0,0.0,0.0,0.0,0.0,0.0,0.0,0.0,0.0,0.0,0.0,7.8,0.0,0.0,0.0,0.0,0.0,0.0,0.0,0.0,0.0,0.0,0.0,0.0,0.0,0.0,0.0,0.0,0.0,0.0,0.0,0.0,0.0,0.0,0.0,0.0,0.0,0.0,0.0,0.0,0.0,0.0,0.0,0.0,0.0,7.4,0.0,0.0,0.0,0.0,0.0,0.0,0.0,0.0,0.0,0.0,0.0,0.0,0.0,0.0,0.0,7.6,0.0,0.0,0.0,0.0,0.0,0.0,0.0,0.0,0.0,0.0,7.4,0.0,0.0,0.0,0.0,2.373436460703804,2.3168722828724113,2.28529488018135,0.0,2.0654136893063013,4.782354234772164,0.0,1.482684282930498,1.5008340200921992,0.0,0.0,0.0,0.0,3.0956874031175547,0.0,4.064102252426804,4.6130142148461015,0.0,0.0,0.0,0.0,0.0,2.877905191866346
user095,0.0,0.0,0.0,0.0,0.0,0.0,0.0,0.0,0.0,0.0,0.0,0.0,0.0,0.0,0.0,0.0,0.0,0.0,0.0,0.0,0.0,0.0,0.0,0.0,0.0,0.0,0.0,0.0,0.0,0.0,0.0,0.0,0.0,0.0,0.0,0.0,0.0,0.0,0.0,0.0,0.0,0.0,0.0,7.0,0.0,0.0,0.0,0.0,0.0,0.0,0.0,0.0,0.0,0.0,0.0,0.0,0.0,0.0,0.0,0.0,0.0,0.0,0.0,6.4,0.0,0.0,0.0,0.0,0.0,0.0,0.0,0.0,0.0,0.0,0.0,0.0,0.0,0.0,0.0,0.0,0.0,4.6,0.0,0.0,0.0,2.4509825693607037,0.0,2.9697280225881038,1.2654303976861567,3.0528039381386907,0.0,3.0720939769191316,0.0,0.0,3.2550007093691997,0.0,0.0,2.954247597511094,0.0,0.0,0.0,0.0,4.144579466229281,0.0,0.0,0.0,0.0,2.283666471935255,4.846253975531214,2.042736655533069
user096,0.0,8.0,0.0,0.0,0.0,0.0,0.0,0.0,0.0,0.0,0.0,0.0,0.0,0.0,0.0,0.0,0.0,0.0,0.0,0.0,0.0,0.0,0.0,0.0,0.0,0.0,0.0,0.0,0.0,0.0,0.0,0.0,0.0,0.0,0.0,0.0,0.0,0.0,0.0,0.0,0.0,0.0,0.0,0.0,0.0,0.0,0.0,0.0,0.0,0.0,0.0,0.0,0.0,0.0,0.0,0.0,0.0,0.0,0.0,0.0,0.0,0.0,0.0,0.0,0.0,0.0,0.0,0.0,0.0,0.0,0.0,0.0,0.0,0.0,0.0,0.0,0.0,0.0,0.0,0.0,0.0,0.0,0.0,0.0,0.0,3.844961778980018,0.0,0.0,2.6508450746832675,0.0,0.0,3.5924934177496595,0.0,0.0,1.7027939227793407,3.654409312064748,2.2576435418508867,0.0,0.0,4.4063588717903075,0.0,3.2681170598768636,0.0,1.9184659389427345,0.0,0.0,0.0,3.2370633333780856,0.0,0.0
user097,0.0,0.0,0.0,0.0,0.0,0.0,0.0,0.0,0.0,0.0,0.0,0.0,0.0,0.0,0.0,0.0,0.0,0.0,0.0,0.0,0.0,0.0,0.0,0.0,0.0,0.0,0.0,0.0,0.0,0.0,0.0,0.0,0.0,0.0,0.0,0.0,0.0,0.0,0.0,0.0,0.0,0.0,0.0,0.0,0.0,0.0,0.0,0.0,0.0,0.0,0.0,0.0,0.0,0.0,0.0,0.0,0.0,0.0,0.0,0.0,0.0,0.0,0.0,0.0,0.0,0.0,0.0,1.0,0.0,0.0,0.0,0.0,0.0,0.0,0.0,0.0,0.0,0.0,0.0,0.0,0.0,0.0,0.0,0.0,0.0,0.0,0.0,0.0,0.0,1.8467053753456324,0.0,0.0,0.0,0.0,1.5259269788195597,3.764646315417303,0.0,0.0,2.243585637207919,0.0,0.0,0.0,0.0,0.0,2.2002822636669594,0.0,3.5505646165052878,0.0,0.0,3.5108188625182404
user098,0.0,0.0,0.0,0.0,0.0,0.0,0.0,0.0,0.0,0.0,0.0,0.0,0.0,0.0,0.0,0.0,0.0,0.0,0.0,0.0,0.0,0.0,0.0,0.0,0.0,0.0,0.0,0.0,0.0,0.0,0.0,0.0,0.0,0.0,0.0,0.0,0.0,0.0,0.0,0.0,0.0,0.0,0.0,0.0,0.0,0.0,0.0,0.0,0.0,0.0,0.0,0.0,0.0,0.0,0.0,0.0,0.0,0.0,0.0,0.0,0.0,0.0,0.0,0.0,0.0,0.0,0.0,0.0,0.0,0.0,8.6,0.0,0.0,0.0,0.0,0.0,0.0,0.0,0.0,0.0,0.0,0.0,9.0,0.0,0.0,0.0,0.0,0.0,0.0,0.0,0.0,0.0,0.0,0.0,2.953720393294751,0.0,0.0,1.2136631242856586,1.8901425004680115,0.0,0.0,0.0,0.0,0.0,0.0,0.0,0.0,0.0,0.0,1.973737760263869
user099,0.0,0.0,0.0,0.0,0.0,0.0,2.8,0.0,0.0,0.0,0.0,0.0,0.0,0.0,0.0,0.0,0.0,0.0,0.0,0.0,0.0,0.0,0.0,0.0,0.0,0.0,0.0,0.0,0.0,0.0,0.0,0.0,0.0,0.0,0.0,0.0,0.0,0.0,0.0,0.0,0.0,0.0,0.0,0.0,0.0,0.0,0.0,0.0,0.0,0.0,0.0,0.0,0.0,0.0,0.0,0.0,0.0,0.0,0.0,0.0,0.0,0.0,0.0,0.0,0.0,0.0,0.0,0.0,0.0,0.0,0.0,0.0,0.0,0.0,0.0,0.0,0.0,0.0,0.0,0.0,0.0,0.0,0.0,0.0,0.0,0.0,2.571736128003291,4.710133235123055,0.0,0.0,2.6454106250616487,4.218635891895735,2.2451780299155937,0.0,4.724239684119403,0.0,2.08155029847638,2.8150085783187704,0.0,0.0,4.6524683054644544,4.205279182850168,3.605004247685443,0.0,0.0,3.2669083539551305,3.692896386147673,0.0,0.0,0.0
user100,0.0,0.0,0.0,0.0,0.0,0.0,0.0,0.0,0.0,0.0,0.0,0.0,0.0,0.0,0.0,0.0,0.0,0.0,0.0,0.0,0.0,0.0,0.0,0.0,0.0,0.0,0.0,0.0,0.0,0.0,0.0,0.0,0.0,0.0,0.0,0.0,0.0,0.0,0.0,0.0,0.0,0.0,0.0,0.0,0.0,0.0,0.0,0.0,0.0,0.0,0.0,0.0,0.0,0.0,0.0,0.0,0.0,0.0,0.0,0.0,0.0,0.0,0.0,0.0,0.0,0.0,0.0,0.0,0.0,5.0,0.0,0.0,0.0,0.0,0.0,0.0,0.0,0.0,0.0,0.0,0.0,0.0,0.0,0.0,0.0,0.0,1.5590973911659902,2.5110609195977776,0.0,0.0,3.3230915972123207,0.0,0.0,1.8807945437785296,0.0,1.674801287830595,0.0,0.0,0.0,0.0,4.465265513346255,2.2622204746504497,0.0,0.0,0.0,0.0,3.381129595450901,0.0,0.0,1.834017239167352
user101,0.0,0.0,0.0,0.0,0.0,0.0,0.0,0.0,0.0,0.0,0.0,0.0,0.0,0.0,0.0,0.0,0.0,0.0,0.0,0.0,0.0,0.0,0.0,0.0,0.0,0.0,0.0,0.0,7.6,0.0,0.0,0.0,0.0,0.0,0.0,0.0,0.0,0.0,0.0,0.0,0.0,0.0,0.0,0.0,0.0,8.6,0.0,0.0,0.0,0.0,0.0,0.0,0.0,0.0,0.0,8.0,0.0,0.0,0.0,0.0,0.0,0.0,0.0,0.0,0.0,0.0,0.0,0.0,7.6,0.0,0.0,0.0,0.0,0.0,0.0,0.0,0.0,0.0,0.0,0.0,0.0,0.0,0.0,0.0,0.0,0.0,0.0,0.0,0.0,0.0,0.0,3.6268415146804363,0.0,0.0,0.0,0.0,2.2956134027767336,3.122077684057788,0.0,0.0,3.2624016758708616,0.0,3.67801924830894,4.2631737074475815,0.0,0.0,0.0,0.0,0.0,0.0
user102,0.0,0.0,0.0,0.0,0.0,0.0,0.0,0.0,0.0,10.0,0.0,0.0,0.0,0.0,0.0,0.0,0.0,0.0,0.0,0.0,0.0,0.0,0.0,0.0,0.0,0.0,0.0,0.0,0.0,0.0,0.0,0.0,0.0,0.0,0.0,0.0,0.0,0.0,0.0,0.0,0.0,0.0,0.0,0.0,0.0,0.0,0.0,0.0,0.0,0.0,0.0,0.0,0.0,0.0,0.0,0.0,0.0,0.0,0.0,0.0,0.0,0.0,0.0,0.0,5.0,0.0,0.0,0.0,0.0,0.0,0.0,0.0,0.0,0.0,0.0,0.0,0.0,0.0,0.0,0.0,0.0,0.0,0.0,0.0,0.0,0.0,4.96501962159698,4.3445177966981685,0.0,3.003398973837904,0.0,1.8305239067362309,1.7453456741591138,1.592125183093779,0.0,0.0,0.0,0.0,0.0,0.0,1.399047651930855,2.32604133264554,0.0,0.0,0.0,0.0,3.2421990697597525,4.749624033747775,0.0,1.3465201101800117
user103,0.0,0.0,0.0,0.0,0.0,0.0,0.0,0.0,0.0,0.0,0.0,0.0,0.0,0.0,0.0,0.0,0.0,0.0,0.0,0.0,0.0,0.0,0.0,0.0,0.0,0.0,0.0,0.0,0.0,0.0,0.0,0.0,0.0,0.0,0.0,0.0,0.0,0.0,0.0,0.0,0.0,0.0,0.0,0.0,0.0,0.0,0.0,0.0,0.0,0.0,1.0,0.0,0.0,0.0,0.0,0.0,0.0,0.0,0.0,0.0,0.0,0.0,0.0,0.0,0.0,0.0,0.0,0.0,0.0,0.0,0.0,0.0,0.0,0.0,0.0,0.0,0.0,0.0,0.0,0.0,0.0,0.0,0.0,0.0,0.0,0.0,0.0,0.0,4.759281262690546,4.401764232152686,4.992047567571186,3.9415602606491875,3.72661598974892,0.0,0.0,0.0,1.0564269043654306,3.1189456554104416,3.130370191461023,3.786815039222327,0.0,0.0,1.439339699843611,4.128239583935084,3.723713497542621,3.2022999447758362,3.7051775151491984,0.0,0.0,0.0
user104,0.0,0.0,0.0,0.0,0.0,0.0,0.0,0.0,0.0,0.0,0.0,0.0,0.0,0.0,0.0,0.0,0.0,0.0,0.0,0.0,0.0,0.0,0.0,0.0,0.0,0.0,0.0,0.0,0.0,0.0,0.0,0.0,0.0,0.0,0.0,0.0,0.0,0.0,0.0,0.0,0.0,0.0,0.0,0.0,0.0,0.0,0.0,0.0,0.0,0.0,0.0,0.0,0.0,9.4,0.0,0.0,0.0,0.0,0.0,0.0,0.0,0.0,0.0,0.0,0.0,0.0,0.0,0.0,0.0,0.0,0.0,0.0,0.0,0.0,0.0,0.0,0.0,0.0,0.0,0.0,0.0,0.0,0.0,0.0,0.0,0.0,0.0,0.0,0.0,0.0,0.0,2.9753967062882394,0.0,0.0,4.7964812233123,3.696902891846587,0.0,2.895250440796694,0.0,4.272560412443005,2.2703895166769152,0.0,1.7836978502958427,0.0,1.861886235566665,1.435854073335074,0.0,4.656229143704181,2.2187278605742167,0.0
user105,0.0,0.0,0.0,0.0,0.0,0.0,0.0,0.0,0.0,0.0,0.0,0.0,0.0,0.0,0.0,0.0,0.0,0.0,0.0,0.0,0.0,0.0,0.0,0.0,0.0,0.0,0.0,0.0,0.0,8.2,8.2,8.2,8.2,8.2,8.2,8.2,8.2,8.2,8.2,0.0,0.0,0.0,0.0,0.0,0.0,0.0,0.0,0.0,0.0,0.0,0.0,0.0,0.0,0.0,0.0,0.0,0.0,0.0,0.0,0.0,0.0,0.0,0.0,0.0,0.0,0.0,0.0,0.0,0.0,0.0,0.0,0.0,0.0,0.0,0.0,0.0,0.0,0.0,0.0,0.0,0.0,0.0,0.0,0.0,0.0,0.0,0.0,4.047697994682032,0.0,0.0,0.0,2.288130890791069,0.0,0.0,0.0,0.0,0.0,0.0,0.0,0.0,0.0,2.9716552335990047,0.0,0.0,0.0,0.0,1.9118366995056082,1.3030107704367744,0.0,3.5096417215789137
user106,0.0,0.0,0.0,0.0,0.0,0.0,0.0,0.0,0.0,0.0,0.0,0.0,0.0,0.0,0.0,5.0,0.0,0.0,0.0,0.0,0.0,0.0,0.0,0.0,0.0,0.0,0.0,0.0,0.0,0.0,0.0,0.0,0.0,0.0,0.0,0.0,0.0,0.0,0.0,0.0,0.0,0.0,5.0,0.0,0.0,0.0,0.0,0.0,0.0,0.0,0.0,0.0,0.0,0.0,0.0,0.0,0.0,0.0,0.0,0.0,0.0,0.0,0.0,0.0,0.0,0.0,0.0,0.0,0.0,0.0,0.0,0.0,0.0,0.0,0.0,0.0,0.0,0.0,0.0,0.0,0.0,0.0,0.0,0.0,0.0,0.0,0.0,0.0,4.755476039601389,1.7791837067553247,0.0,0.0,0.0,0.0,0.0,1.0856480024587616,2.9482007013689273,0.0,0.0,1.53570213848969,0.0,0.0,0.0,0.0,1.2643824976888038,3.5857403203550415,0.0,0.0,0.0,2.9916840085988192
user107,0.0,0.0,0.0,0.0,0.0,0.0,0.0,0.0,0.0,0.0,0.0,0.0,0.0,0.0,0.0,0.0,0.0,0.0,0.0,0.0,0.0,0.0,0.0,0.0,0.0,0.0,0.0,0.0,8.0,0.0,0.0,0.0,0.0,0.0,0.0,0.0,0.0,0.0,0.0,0.0,0.0,0.0,0.0,0.0,0.0,0.0,0.0,8.2,0.0,0.0,0.0,0.0,0.0,0.0,0.0,0.0,0.0,0.0,0.0,0.0,0.0,0.0,0.0,0.0,0.0,8.2,0.0,0.0,0.0,0.0,0.0,0.0,0.0,0.0,0.0,0.0,0.0,0.0,0.0,0.0,0.0,0.0,0.0,0.0,0.0,1.946515103475444,4.859886745449481,0.0,0.0,0.0,0.0,4.53853290158675,0.0,0.0,0.0,4.9187973271995045,3.0712618421886555,1.0166875166490295,0.0,3.1455253769312077,0.0,0.0,1.2188352985501063,4.980933795877801,0.0,0.0,0.0,4.289080985772783,3.5903023285175,0.0
user108,0.0,0.0,0.0,0.0,0.0,0.0,0.0,7.6,0.0,0.0,0.0,0.0,0.0,0.0,0.0,0.0,0.0,0.0,0.0,0.0,0.0,0.0,0.0,0.0,5.6,0.0,0.0,0.0,0.0,0.0,0.0,0.0,0.0,0.0,0.0,0.0,0.0,0.0,0.0,0.0,0.0,0.0,0.0,0.0,0.0,0.0,0.0,0.0,0.0,0.0,0.0,0.0,0.0,0.0,0.0,0.0,0.0,0.0,0.0,0.0,0.0,0.0,0.0,0.0,0.0,0.0,0.0,0.0,0.0,0.0,0.0,0.0,0.0,0.0,0.0,0.0,0.0,0.0,0.0,0.0,0.0,0.0,0.0,0.0,0.0,0.0,0.0,3.802225061240567,0.0,0.0,0.0,0.0,0.0,4.952800912233169,0.0,0.0,0.0,0.0,0.0,0.0,0.0,0.0,0.0,0.0,0.0,0.0,4.322726004998021,0.0,0.0,0.0
user109,0.0,0.0,0.0,0.0,0.0,0.0,0.0,0.0,0.0,0.0,0.0,0.0,0.0,0.0,0.0,0.0,0.0,0.0,0.0,0.0,0.0,0.0,0.0,0.0,0.0,0.0,0.0,0.0,0.0,0.0,0.0,0.0,0.0,0.0,0.0,0.0,0.0,0.0,0.0,0.0,0.0,0.0,0.0,0.0,0.0,0.0,0.0,0.0,0.0,0.0,0.0,0.0,0.0,0.0,0.0,0.0,0.0,0.0,0.0,0.0,0.0,0.0,4.2,0.0,0.0,0.0,0.0,0.0,0.0,0.0,0.0,0.0,0.0,0.0,0.0,0.0,0.0,0.0,0.0,0.0,0.0,0.0,0.0,0.0,0.0,0.0,0.0,0.0,0.0,0.0,0.0,0.0,2.795876925882346,2.0019701847474223,0.0,0.0,1.8517136598441235,3.1917953670295485,0.0,3.0486554244056987,0.0,4.431867209514307,0.0,0.0,0.0,3.995900007952725,0.0,0.0,0.0,0.0
user110,0.0,0.0,0.0,0.0,0.0,0.0,0.0,0.0,0.0,0.0,0.0,0.0,0.0,0.0,0.0,0.0,0.0,0.0,0.0,0.0,0.0,0.0,0.0,0.0,0.0,0.0,0.0,0.0,0.0,4.2,4.2,4.2,4.2,4.2,4.2,4.2,4.2,4.2,4.2,0.0,0.0,0.0,0.0,0.0,0.0,0.0,0.0,0.0,0.0,0.0,0.0,0.0,0.0,0.0,0.0,0.0,0.0,0.0,0.0,0.0,0.0,0.0,0.0,0.0,0.0,0.0,0.0,0.0,0.0,0.0,0.0,0.0,0.0,0.0,0.0,0.0,0.0,0.0,0.0,0.0,0.0,0.0,0.0,0.0,0.0,0.0,0.0,0.0,2.647572311580399,0.0,0.0,0.0,0.0,0.0,4.182905510376502,4.190608213748526,1.200513801953993,0.0,0.0,0.0,0.0,0.0,2.729151998102458,1.331677235473542,4.845937945196027,0.0,0.0,4.999737732669196,0.0,0.0
