{
    "url": "https://vnexpress.net/thuy-chi-hat-tram-ngan-loi-thuong-cua-vieon-tren-song-23-4561470.html",
    "title": "Thuỳ Chi hát 'Trăm ngàn lời thương' của VieON trên Sóng 23",
    "content": "Thứ bảy, 21/1/2023, 20:00 (GMT+7)\n\nThuỳ Chi hát 'Trăm ngàn lời thương' của VieON trên Sóng 23 \nThùy Chi và Ricky Star khuấy động sân khấu \"Sóng 23\" với ca khúc \"Trăm ngàn lời thương\" của VieON, ngày 21/1.\nTheo đại diện ban tổ chức chương trình Sóng 23, Thùy Chi - Ricky Star khiến khán phòng bùng nổ với giai điệu vui tươi, tiết tấu nhanh, phong cách biểu diễn đầy năng lượng và vũ đạo đẹp mắt. Hàng trăm khán giả bắt nhịp, hát và nhún nhảy theo cặp ca sĩ. Lần đầu bộ đôi thể hiện Trăm ngàn lời thương trên sân khấu. Ca khúc ra mắt khán giả hôm 14/1, do Bùi Công Nam sáng tác, VieON sản xuất.\nRapper Ricky Star cho biết phấn khởi khi góp mặt tại chương trình. \"Lần trước tôi đến Sóng với tư cách là người tham dự, lần này trực tiếp biểu diễn. Hy vọng năm sau, tôi sẽ được nâng cấp hơn nữa, vào thẳng hậu đài cầm máy quay luôn chăng\", anh nói vui.\nTheo rapper, Tết là dịp sum vầy nhưng đôi lúc người trẻ khó chịu khi đối diện những câu hỏi khó như: \"Bao giờ lấy chồng/vợ\", \"Lương tháng bao nhiêu\", \"Cuộc sống có tốt không\"... Trước đây, anh khá áp lực khi bị hỏi vậy, nhưng giờ đỡ hơn nhờ thay đổi tâm thế. Anh quan niệm mỗi người có nỗi khổ riêng, nếu nhận được câu hỏi trên, chỉ nên coi đó là đặc trưng ngày Tết.\n\"Năm mới, hy vọng mọi người sẽ dành nhiều thời gian cho bản thân, có thêm khoảnh khắc hạnh phúc bên người thân, bạn bè và người yêu\", anh nói.\nTheo Thùy Chi, trước đây nhiều người cho rằng hỏi han là cách thể hiện sự quan tâm. Tuy nhiên khi xã hội đề cao sự khác biệt, tôn trọng sở thích và ý muốn từng cá nhân, cô nhận thấy mật độ các câu hỏi thiếu tế nhị dần ít đi. \"Điều ấy khiến Tết thoải mái hơn, bớt những câu trả lời xã giao và cả áp lực vô hình đè nặng mỗi người\", cô nhận định.\nThông qua nhạc phẩm Trăm ngàn lời thương, Thùy Chi muốn gửi khán giả lời chúc đoàn viên, mong những người con phương xa có khoảnh khắc sum vầy ý nghĩa bên gia đình.\n\"Những ngày cuối năm, thật hạnh phúc khi được cùng nhau chuẩn bị Tết, xem các chương trình yêu thích trên tivi. Tôi mong dù bận rộn thế nào và ở đâu chăng nữa, mọi người có thể thu xếp công việ trở về bên người thân\", Thùy Chi nói thêm.\nVieON là ứng dụng giải trí trực tuyến dành cho người Việt, được xây dựng theo tiêu chuẩn quốc tế về nội dung lẫn công nghệ. Bên cạnh đầu tư nội dung chất lượng cao, phù hợp thị hiếu khán giả và phản ánh xã hội đa chiều, đơn vị còn tập trung nguồn lực khai thác, sản xuất nội dung nguyên bản như: Giấc mơ của mẹ, Gạo nếp gạo tẻ, Rap Việt, Hai ngày một đêm, Ca sĩ mặt nạ... và Nữ chủ - mini series lên sóng từ ngày 13/1.\nMới đây, đơn vị hợp tác với Con Cưng - hệ thống bán lẻ mẹ và bé - nhằm mục đích chăm sóc toàn diện cho cả gia đình. Ngoài mang đến nhiều sản phẩm chất lượng, đôi bên còn tổ chức chương trình khuyến mãi lớn: mua gói VieON từ 40.000 đồng tại Con Cưng, áp dụng từ ngày 27/1 đến ngày 28/2.\nNhân dịp ra mắt ca khúc Tết, VieON thực hiện chương trình khuyến mãi \"Trăm ngàn cảm ơn\": giảm 55.000 đồng khi mua gói VieON VIP 3 tháng, áp dụng từ nay đến hết ngày 13/2. Nhập mã \"VIEON2023\" tại đây.\nVạn Phát (ảnh: VieON)",
    "metadata": [
        [
            "https://i1-giaitri.vnecdn.net/2023/01/18/image001-1673952672-4204-1674034675.jpg?w=680&h=0&q=100&dpr=1&fit=crop&s=hz91ibC7XgKyoEDewAx99A",
            "Đôi nghệ sĩ biểu diễn cùng vũ đoàn. Đại diện ứng dụng giải trí VieON cho biết nhạc phẩm là lời tri ân với khán giả năm vừa qua, hướng đến thông điệp gắn kết mọi người, mọi nhà."
        ],
        [
            "https://i1-giaitri.vnecdn.net/2023/01/18/image005-1673953654-7300-1674034675.jpg?w=680&h=0&q=100&dpr=1&fit=crop&s=TnJMMiknoIv_mQZ0KRTFPg",
            "Thùy Chi và Ricky Star lần đầu hợp tác trong nhạc phẩm Tết của VieON, nhằm truyền năng lượng tích cực đến mọi nhà."
        ],
        [
            "https://i1-giaitri.vnecdn.net/2023/01/18/image007-1673953663-2580-1674034676.jpg?w=680&h=0&q=100&dpr=1&fit=crop&s=8d51F2oujVCMWsDXiN8UgA",
            "Sóng 23 - chương trình giải trí đêm giao thừa - có sự góp mặt của nhiều nghệ sĩ được yêu thích hiện na và các khách mời thuộc lĩnh vực điện ảnh, truyền hình, âm nhạc..."
        ]
    ]
}