{
    "url": "https://vnexpress.net/6-cach-noi-tuong-tu-relax-trong-tieng-anh-4675785.html",
    "title": "6 cách nói tương tự 'relax' trong tiếng Anh",
    "content": "Thứ bảy, 11/11/2023, 13:28 (GMT+7)\n6 cách nói tương tự 'relax' trong tiếng Anh\n\"Let your hair down\" với nghĩa tương tự \"xõa đi\" trong tiếng Việt và nhiều từ khác được dùng để chỉ trạng thái thư giãn, thay cho từ quen thuộc \"relax\".\nCô Moon Nguyen, chuyên gia đào tạo phát âm tiếng Anh, hướng dẫn những cách nói tương tự \"relax\":\nMoon Nguyen (Moon ESL)",
    "metadata": []
}